Абакумов;Роман;Олексійович;Аграрна партія України;№35
Абдуллаєв;Іджран;Ягуб;Самовисування;№172
Абдуллін;Олександр;Рафкатович;"політична партія Всеукраїнське об’єднання ""Батьківщина""";№11
Абдулова;Ася;Шамілівна;"ПОЛІТИЧНА ПАРТІЯ ""НЕЗАЛЕЖНІСТЬ""";№42
Абрамас;Віктор;Альфонсасович;"політична партія ""Громадянська позиція""";№64
Абрамов;Олег;Геннадійович;"Політична партія ""ОПОЗИЦІЙНИЙ БЛОК""";№63
Абрамович;Ігор;Олександрович;"Політична партія ""ОПОЗИЦІЙНА ПЛАТФОРМА – ЗА ЖИТТЯ""";№14
Абрамчук;Дмитро;Валентинович;Аграрна партія України;№37
Абу;Шамсія;Рамі;"Політична Партія ""ПАТРІОТ""";№17
Абушова;Бела;Сахават;"Політична партія ""Рух Нових Сил Михайла Саакашвілі""";№87
Авдошко;Наталія;Борисівна;"ПОЛІТИЧНА ПАРТІЯ ""СОЦІАЛЬНА СПРАВЕДЛИВІСТЬ""";№65
Авер’янов;Олег;В’ячеславович;"ПОЛІТИЧНА ПАРТІЯ ""РАДИКАЛЬНА ПАРТІЯ ОЛЕГА ЛЯШКА""";№6
Авраменко;Олексій;Сергійович;Самовисування;№90
Авраменко;Сергій;Васильович;"Політична партія ""ОПОЗИЦІЙНИЙ БЛОК""";№211
Авраменко;Сергій;Володимирович;"ПОЛІТИЧНА ПАРТІЯ ""НЕЗАЛЕЖНІСТЬ""";№43
Авраменко;Сергій;Дмитрович;"політична партія Всеукраїнське об’єднання ""Батьківщина""";№160
Аврамчук;Дмитро;Васильович;Самовисування;№160
Агапов;Дмитро;Олександрович;Самовисування;№26
Агапов;Ігор;Володимирович;Аграрна партія України;№170
Адаменко;Ірина;Олександрівна;Самовисування;№106
Адамович;Сергій;Васильович;"Політична Партія ""ГОЛОС""";№49
Адамчук;Сергій;Миколайович;Самовисування;№22
Адам’як;Сергій;Іванович;"Політична партія ""Європейська Солідарність""";№67
Адзеленко;Олександр;Васильович;Самовисування;№134
Азаров;Олександр;Ігорович;Самовисування;№95
Азізов;Рустам;Расулджанович;"ПОЛІТИЧНА ПАРТІЯ ""РАДИКАЛЬНА ПАРТІЯ ОЛЕГА ЛЯШКА""";№83
Акімов;Олексій;Іванович;Самовисування;№36
Акімова;Анастасія;Андріївна;Самовисування;№174
Акіншин;Олександр;Олександрович;"ПОЛІТИЧНА ПАРТІЯ ""ПАРТІЯ ЗЕЛЕНИХ УКРАЇНИ""";№30
Акпєров;Вадим;Вагіфович;"Політична партія ""Європейська Солідарність""";№158
Аксакова;Юлія;Сергіївна;Самовисування;№52
Аксьоненко;Дмитро;Павлович;"політична партія Всеукраїнське об’єднання ""Свобода""";№170
Аксьонов;Андрій;Анатолійович;Самовисування;№50
Акуленко;Юрій;Володимирович;"Політична партія ""Об’єднання ""САМОПОМІЧ""";№19
Александров;Олександр;Олексійович;"Політична партія ""ОПОЗИЦІЙНА ПЛАТФОРМА – ЗА ЖИТТЯ""";№183
Александрова;Лариса;Андріївна;"Політична партія ""ОПОЗИЦІЙНИЙ БЛОК""";№92
Александрович;Валентин;Зігфрідович;"політична партія ""Громадянська позиція""";№86
Александрук;Ірина;Миколаївна;"ПОЛІТИЧНА ПАРТІЯ ""СОЦІАЛЬНА СПРАВЕДЛИВІСТЬ""";№51
Алексанян;Карен;Артаваздович;Самовисування;№175
Алексєєв;Ігор;Сергійович;"ПОЛІТИЧНА ПАРТІЯ ""УКРАЇНСЬКА СТРАТЕГІЯ ГРОЙСМАНА""";№18
Алексієнко;Тетяна;Валентинівна;Самовисування;№146
Алексійчук;Роман;Васильович;Самовисування;№152
Алентьєв;Олександр;Сергійович;Самовисування;№75
Алешко;Руслан;Олександрович;"Політична партія ""ОПОЗИЦІЙНИЙ БЛОК""";№85
Алєксєєв;Михайло;Васильович;"Політична партія ""ПРАВИЙ СЕКТОР""";№121
Алєксєєв;Сергій;Олегович;"Політична партія ""Європейська Солідарність""";№20
Алєксєєнко;Іван;Олександрович;Самовисування;№127
Алєксєйчук;Вікторія;Іванівна;"ПОЛІТИЧНА ПАРТІЯ ""СЛУГА НАРОДУ""";№174
Аліксійчук;Олександр;Васильович;"ПОЛІТИЧНА ПАРТІЯ ""СЛУГА НАРОДУ""";№154
Аліфанов;Микола;Іванович;"політична партія Всеукраїнське об’єднання ""Свобода""";№66
Аллахвердієва;Ірина;Валеріївна;"ПОЛІТИЧНА ПАРТІЯ ""СЛУГА НАРОДУ""";№116
Алфьоров;Олександр;Анатолійович;"політична партія Всеукраїнське об’єднання ""Свобода""";№15
Альоша;Андрій;Миколайович;"Політична партія ""ОПОЗИЦІЙНА ПЛАТФОРМА – ЗА ЖИТТЯ""";№51
Альошин;Андрій;Юрійович;"Політична партія ""ОПОЗИЦІЙНА ПЛАТФОРМА – ЗА ЖИТТЯ""";№55
Амелін;Віктор;Володимирович;"ПОЛІТИЧНА ПАРТІЯ ""РАДИКАЛЬНА ПАРТІЯ ОЛЕГА ЛЯШКА""";№192
Амельченко;Василь;Васильович;"ПОЛІТИЧНА ПАРТІЯ ""РАДИКАЛЬНА ПАРТІЯ ОЛЕГА ЛЯШКА""";№16
Амирханян;Артур;Мукучевич;Самовисування;№159
Амосов;Ярослав;Олександрович;"Політична партія ""ОПОЗИЦІЙНА ПЛАТФОРМА – ЗА ЖИТТЯ""";№94
Ананченко;Михайло;Олегович;"ПОЛІТИЧНА ПАРТІЯ ""СЛУГА НАРОДУ""";№34
Ананьєв;Сергій;Федорович;"Політична партія ""Рух Нових Сил Михайла Саакашвілі""";№82
Ананян;Елізабет;Гариківна;"ПОЛІТИЧНА ПАРТІЯ ""СЛУГА НАРОДУ""";№172
Андреєв;Сергій;Вікторович;"політична партія Всеукраїнське об’єднання ""Свобода""";№206
Андрейко;Віталій;Васильович;"Політична Партія ""ГОЛОС""";№122
Андрейчук;Наталія;Василівна;"ПОЛІТИЧНА ПАРТІЯ ""РАДИКАЛЬНА ПАРТІЯ ОЛЕГА ЛЯШКА""";№98
Андрєєв;Андрій;Сергійович;"Політична партія ""Європейська Солідарність""";№35
Андрєєв;Олексій;Вікторович;"Політична партія ""Рух Нових Сил Михайла Саакашвілі""";№171
Андрєєнков;Віктор;Володимирович;"Політична партія ""ОПОЗИЦІЙНА ПЛАТФОРМА – ЗА ЖИТТЯ""";№57
Андрієвський;Дмитро;Йосипович;Самовисування;№222
Андрієнко;Ігор;Олегович;Аграрна партія України;№56
Андріїв;Андрій;Євстахович;Самовисування;№68
Андріїв;Богдан;Євстафійович;"Політична партія ""ОПОЗИЦІЙНИЙ БЛОК""";№7
Андрійко;Руслан;Юрійович;"політична партія Всеукраїнське об’єднання ""Свобода""";№211
Андрійович;Зіновій;Мирославович;"ПОЛІТИЧНА ПАРТІЯ ""СЛУГА НАРОДУ""";№87
Андрійович;Михайло;Васильович;Самовисування;№87
Андрійцев;Богдан;Вікторович;Самовисування;№131
Андрійченко;Олексій;Дмитрович;Самовисування;№27
Андрійчук;Ілля;Олександрович;Самовисування;№97
Андріюк;Лілія;Вікторівна;"політична партія Всеукраїнське об’єднання ""Свобода""";№206
Андрусяк;Юрій;Ілліч;Самовисування;№201
Андрух;Віталій;Васильович;Самовисування;№159
Андрущенко;Андрій;Олександрович;"політична партія ""Громадянська позиція""";№119
Андрущенко;Світлана;Вікторівна;"ПОЛІТИЧНА ПАРТІЯ ""СИЛА І ЧЕСТЬ""";№28
Андрюк;Андрій;Васильович;"політична партія Всеукраїнське об’єднання ""Батьківщина""";№73
Андрющенко;Андрій;Миколайович;"Політична партія ""Європейська Солідарність""";№99
Андрющенко;Володимир;Володимирович;Самовисування;№174
Анісімов;Анатолій;Миколайович;"ПОЛІТИЧНА ПАРТІЯ ""ВСЕУКРАЇНСЬКЕ ОБ’ЄДНАННЯ ""ФАКЕЛ""";№34
Аністратенко;Олександр;Григорович;Самовисування;№105
Аністратенко;Яна;Леонідівна;"Політична партія ""ОПОЗИЦІЙНИЙ БЛОК""";№58
Аніськович;Павло;Юрійович;"політична партія ""Громадянська позиція""";№223
Аносова;Ірина;Олександрівна;"політична партія ""Громадянська позиція""";№80
Антіпов;Дмитро;Ігорович;"Політична партія ""ОПОЗИЦІЙНИЙ БЛОК""";№68
Антов;Трифон;Данилович;Самовисування;№141
Антоненко;Костянтин;Григорович;Аграрна партія України;№111
Антоненко;Прохор;Дмитрович;"політична партія Всеукраїнське об’єднання ""Свобода""";№182
Антонець;Тетяна;Іванівна;"Політична партія ""ОПОЗИЦІЙНИЙ БЛОК""";№16
Антонів;Руслан;Володимирович;"Політична Партія ""ПАТРІОТ""";№88
Антонов;Ярослав;Романович;"Політична партія ""ОПОЗИЦІЙНИЙ БЛОК""";№166
Антонченко;Валентина;Порфиріївна;"ПОЛІТИЧНА ПАРТІЯ ""ПАРТІЯ ЗЕЛЕНИХ УКРАЇНИ""";№19
Антонюк;Ірина;Валеріївна;Аграрна партія України;№202
Антонюк;Леонід;Вікторович;"Політична Партія ""ПАТРІОТ""";№107
Антонюк;Микола;Павлович;"Політична партія ""ОПОЗИЦІЙНА ПЛАТФОРМА – ЗА ЖИТТЯ""";№18
Антонюк;Олександр;Васильович;"ПОЛІТИЧНА ПАРТІЯ ""ВСЕУКРАЇНСЬКЕ ОБ’ЄДНАННЯ ""ФАКЕЛ""";№32
Антонюк;Сергій;Володимирович;Аграрна партія України;№164
Антошик;Мар’ян;Богданович;"Політична партія ""УДАР (Український Демократичний Альянс за Реформи) Віталія Кличка""";№125
Антошин;Вадим;Леонідович;"Політична партія ""ОПОЗИЦІЙНА ПЛАТФОРМА – ЗА ЖИТТЯ""";№206
Антошків;Яна;Олександрівна;"ПОЛІТИЧНА ПАРТІЯ ""ВСЕУКРАЇНСЬКЕ ОБ’ЄДНАННЯ ""ФАКЕЛ""";№40
Анчин;Олег;Валерійович;Самовисування;№159
Апостол;Надія;Сергіївна;"ПОЛІТИЧНА ПАРТІЯ ""СОЦІАЛЬНА СПРАВЕДЛИВІСТЬ""";№107
Апостолюк;Іван;Васильович;"політична партія Всеукраїнське об’єднання ""Свобода""";№167
Арахамія;Давид;Георгійович;"ПОЛІТИЧНА ПАРТІЯ ""СЛУГА НАРОДУ""";№4
Арендач;Михайло;Богданович;"Політична Партія ""ПАТРІОТ""";№90
Арешков;Анатолій;Михайлович;Самовисування;№64
Арешонков;Володимир;Юрійович;Самовисування;№64
Ар’єв;Володимир;Ігорович;"Політична партія ""Європейська Солідарність""";№17
Арістов;Юрій;Юрійович;"ПОЛІТИЧНА ПАРТІЯ ""СЛУГА НАРОДУ""";№42
Арканова-Чорна;Ольга;Юріївна;"Політична партія ""ОПОЗИЦІЙНА ПЛАТФОРМА – ЗА ЖИТТЯ""";№220
Армаш;Олена;Анатоліївна;"політична партія ""Громадянська позиція""";№122
Арналюк;Микола;Іванович;"Політична Партія ""ПАТРІОТ""";№113
Аронець;Олександр;Романович;"політична партія Всеукраїнське об’єднання ""Свобода""";№88
Арсенова;Анна;Андріївна;"ПОЛІТИЧНА ПАРТІЯ ""СОЦІАЛЬНА СПРАВЕДЛИВІСТЬ""";№103
Арсенюк;Олег;Олексійович;"ПОЛІТИЧНА ПАРТІЯ ""СЛУГА НАРОДУ""";№195
Арсенюк;Сергій;Петрович;"ПОЛІТИЧНА ПАРТІЯ ""РАДИКАЛЬНА ПАРТІЯ ОЛЕГА ЛЯШКА""";№159
Артеменко;Віктор;Володимирович;"Політична Партія ""ГОЛОС""";№191
Артеменко;Надія;Михайлівна;"Політична партія ""Європейська Солідарність""";№159
Артеменко;Сергій;Вікторович;"Політична партія ""Європейська Солідарність""";№215
Артьомов;Сергій;Миколайович;"ПОЛІТИЧНА ПАРТІЯ ""ВОЛЯ""";№62
Артюх;Юрій;Петрович;"політична партія Всеукраїнське об’єднання ""Свобода""";№110
Артюшенко;Ігор;Андрійович;"Політична партія ""Європейська Солідарність""";№41
Архип’юк;Ярослав;Віталійович;"Політична партія ""ОПОЗИЦІЙНИЙ БЛОК""";№198
Архіпов;Віталій;Вікторович;"ПОЛІТИЧНА ПАРТІЯ ""ГРОМАДСЬКО-ПОЛІТИЧНА ПЛАТФОРМА НАДІЇ САВЧЕНКО""";№90
Асмолов;Сергій;Вікторович;Самовисування;№205
Астахова;Олена;Іванівна;Самовисування;№79
Астіон;Василь;Миколайович;"Політична партія ""ОПОЗИЦІЙНИЙ БЛОК""";№20
Астраханцев;Андрій;Владиславович;"політична партія Всеукраїнське об’єднання ""Свобода""";№63
Атаманюк;Олег;Юрійович;Самовисування;№89
Атєрлєй;Дмитро;Григорович;"Політична Партія ""ГОЛОС""";№133
Аузяк;Дмитро;Васильович;"політична партія Всеукраїнське об’єднання ""Свобода""";№173
Афанасьєв;Олександр;Вікторович;Самовисування;№191
Ахметов;Родіон;Едуардович;"Політична партія ""Рух Нових Сил Михайла Саакашвілі""";№85
Ахрамєєв;Павло;Олександрович;Самовисування;№106
Ашерова;Маргарита;Євгеніївна;Самовисування;№79
Бабаєв;Сергій;Сергійович;"Політична партія ""Європейська Солідарність""";№171
Бабак;Сергій;Віталійович;"ПОЛІТИЧНА ПАРТІЯ ""СЛУГА НАРОДУ""";№11
Бабанін;Олег;Володимирович;"Політична партія ""ОПОЗИЦІЙНА ПЛАТФОРМА – ЗА ЖИТТЯ""";№107
Бабаханов;Руслан;Олексійович;"Політична партія ""ОПОЗИЦІЙНА ПЛАТФОРМА – ЗА ЖИТТЯ""";№22
Бабаченко;Віктор;Вікторович;"політична партія Всеукраїнське об’єднання ""Батьківщина""";№198
Бабенко;Григорій;Іванович;"політична партія Всеукраїнське об’єднання ""Батьківщина""";№102
Бабенко;Микола;Вікторович;"Політична Партія ""Біла Церква разом""";№90
Бабенко;Микола;Миколайович;Самовисування;№90
Бабенко;Михайло;Миколайович;Самовисування;№205
Бабенко;Ольга;Володимирівна;"політична партія Всеукраїнське об’єднання ""Батьківщина""";№33
Бабенчук;Михайло;Васильович;"політична партія ""Громадянська позиція""";№147
Бабинець;Юрій;Миколайович;"Політична Партія ""ГОЛОС""";№42
Бабич;Андрій;Олександрович;"ПОЛІТИЧНА ПАРТІЯ ""СИЛА ПРАВА""";№32
Бабичева;Людмила;Геннадіївна;"ПОЛІТИЧНА ПАРТІЯ ""СИЛА І ЧЕСТЬ""";№205
Бабіжаєва;Ольга;Анатоліївна;"ПОЛІТИЧНА ПАРТІЯ ""РАДИКАЛЬНА ПАРТІЯ ОЛЕГА ЛЯШКА""";№136
Бабій;Іван;Васильович;"ПОЛІТИЧНА ПАРТІЯ ""РАДИКАЛЬНА ПАРТІЯ ОЛЕГА ЛЯШКА""";№104
Бабій;Ольга;Андріївна;"Політична партія ""Об’єднання ""САМОПОМІЧ""";№10
Бабій;Роман;Вячеславович;"ПОЛІТИЧНА ПАРТІЯ ""СЛУГА НАРОДУ""";№48
Бабінська;Мирослава;Романівна;"політична партія Всеукраїнське об’єднання ""Свобода""";№123
Бабіч;Гліб;Валерійович;"Політична партія ""Європейська Солідарність""";№51
Бабошин;Данило;Вячеславович;"Політична Партія ""ПАТРІОТ""";№76
Бабурін;Олексій;Олексійович;Самовисування;№82
Баганець;Олексій;Васильович;"політична партія Всеукраїнське об’єднання ""Батьківщина""";№148
Багіров;Артем;Григорович;"Політична партія ""ОПОЗИЦІЙНИЙ БЛОК""";№213
Баглей;Борис;Михайлович;"політична партія ""Громадянська позиція""";№56
Баграновська;Тетяна;Юріївна;"Політична партія ""Рух Нових Сил Михайла Саакашвілі""";№36
Бажан;Сергій;Павлович;"ПОЛІТИЧНА ПАРТІЯ ""НЕЗАЛЕЖНІСТЬ""";№27
Бажановська;Олена;Василівна;Самовисування;№105
Баженов;Сергій;Владиславович;"ПОЛІТИЧНА ПАРТІЯ ""РАДИКАЛЬНА ПАРТІЯ ОЛЕГА ЛЯШКА""";№48
Бажора;Володимир;Адимович;"Політична партія ""Рух Нових Сил Михайла Саакашвілі""";№54
Базан;Ольга;Миколаївна;Самовисування;№114
Базарнова;Аліна;Володимирівна;"Політична партія ""Об’єднання ""САМОПОМІЧ""";№54
Базелюк;Володимир;Васильович;"політична партія Всеукраїнське об’єднання ""Свобода""";№12
Базюк;Тамара;Володимирівна;Самовисування;№88
Байдан;Світлана;Миколаївна;"Політична партія ""ОПОЗИЦІЙНИЙ БЛОК""";№48
Байло;Людмила;Віталіївна;"політична партія Всеукраїнське об’єднання ""Свобода""";№70
Байрамов;Євген;Вахид;"Політична партія ""ОПОЗИЦІЙНА ПЛАТФОРМА – ЗА ЖИТТЯ""";№76
Байтала;Михайло;Романович;"Політична Партія ""ПАТРІОТ""";№12
Байчук;Костянтин;Євгенійович;"ПОЛІТИЧНА ПАРТІЯ ""СИЛА ПРАВА""";№31
Бакаєв;Андрій;Павлович;"Політична партія ""ОПОЗИЦІЙНИЙ БЛОК""";№82
Бакал;Олександр;Іванович;Самовисування;№142
Бакуменко;Оксана;Олександрівна;Самовисування;№170
Бакумов;Олександр;Сергійович;"ПОЛІТИЧНА ПАРТІЯ ""СЛУГА НАРОДУ""";№173
Бакун;Володимир;Миколайович;"ПОЛІТИЧНА ПАРТІЯ ""РАДИКАЛЬНА ПАРТІЯ ОЛЕГА ЛЯШКА""";№184
Бакунець;Павло;Андрійович;"Політична партія ""Об’єднання ""САМОПОМІЧ""";№122
Бакшеєв;Віктор;Валерійович;"Політична партія ""ОПОЗИЦІЙНИЙ БЛОК""";№147
Баланюк;Галина;Миколаївна;Аграрна партія України;№103
Баласанян;Ніна;Іванівна;"ПОЛІТИЧНА ПАРТІЯ ""ГРОМАДЯНСЬКИЙ РУХ ""ХВИЛЯ""";№169
Балацко;Юрій;Іванович;"політична партія ""Громадянська позиція""";№121
Балацький;Іван;Володимирович;"Політична партія ""Європейська Солідарність""";№150
Балдук;Анна;Олексіївна;"Політична Партія ""ГОЛОС""";№67
Балицька;Любов;Антонівна;"Політична партія ""Об’єднання ""САМОПОМІЧ""";№85
Балицький;Євген;Віталійович;Самовисування;№80
Балога;Віктор;Іванович;політична партія Єдиний Центр;№69
Балога;Іван;Іванович;політична партія Єдиний Центр;№70
Балога;Іван;Іванович;Самовисування;№70
Балога;Павло;Іванович;політична партія Єдиний Центр;№73
Балук;Любомир;Іванович;"політична партія ""Громадянська позиція""";№63
Бальцій;Юрій;Юрійович;"ПОЛІТИЧНА ПАРТІЯ ""СОЦІАЛЬНА СПРАВЕДЛИВІСТЬ""";№141
Балюк;Євген;Віталійович;"Політична партія ""ОПОЗИЦІЙНИЙ БЛОК""";№224
Балясна;Вікторія;Євгенівна;Аграрна партія України;№131
Банген;Анатолій;Володимирович;Самовисування;№175
Бандурко;Оксана;Олександрівна;"ПОЛІТИЧНА ПАРТІЯ ""СОЦІАЛЬНА СПРАВЕДЛИВІСТЬ""";№111
Бандуров;Володимир;Володимирович;"Політична партія ""ОПОЗИЦІЙНА ПЛАТФОРМА – ЗА ЖИТТЯ""";№79
Банчук;Ярослав;Арсенійович;"Політична Партія ""ПАТРІОТ""";№82
Барабаш;Сергій;Валерійович;Самовисування;№45
Баранкевич;Галина;Євгенівна;"Політична Партія ""ГОЛОС""";№83
Баранник;Василь;Володимирович;"ПОЛІТИЧНА ПАРТІЯ ""ВСЕУКРАЇНСЬКЕ ОБ’ЄДНАННЯ ""ФАКЕЛ""";№11
Баранников;Сергій;Олександрович;"Політична партія ""Об’єднання ""САМОПОМІЧ""";№168
Баранов;Андрій;Володимирович;"політична партія Всеукраїнське об’єднання ""Батьківщина""";№118
Баранов;Андрій;Павлович;"ПОЛІТИЧНА ПАРТІЯ ""СИЛА І ЧЕСТЬ""";№36
Баранов;Віталій;Анатолійович;Самовисування;№96
Баранов;Костянтин;Володимирович;Самовисування;№80
Баранов;Родіон;Романович;Самовисування;№35
Барановська;Ольга;Олександрівна;Самовисування;№24
Барановський;Борис;Олександрович;"ПОЛІТИЧНА ПАРТІЯ ""РАДИКАЛЬНА ПАРТІЯ ОЛЕГА ЛЯШКА""";№122
Баранський;Віктор;Сергійович;"Політична партія ""ОПОЗИЦІЙНА ПЛАТФОРМА – ЗА ЖИТТЯ""";№133
Барвіненко;Віталій;Дмитрович;Самовисування;№141
Барвіненко;Віталій;Миколайович;Самовисування;№141
Бардаш;Олександр;Вікторович;Самовисування;№213
Бардіна;Марина;Олегівна;"ПОЛІТИЧНА ПАРТІЯ ""СЛУГА НАРОДУ""";№62
Барна;Олег;Степанович;"Політична партія ""Європейська Солідарність""";№167
Барна;Степан;Степанович;"Політична партія ""Європейська Солідарність""";№163
Барняк;Тарас;Михайлович;"політична партія Всеукраїнське об’єднання ""Свобода""";№96
Барський;Олександр;Леонідович;"політична партія Всеукраїнське об’єднання ""Батьківщина""";№181
Бартош;Олександр;Петрович;"Політична партія ""ОПОЗИЦІЙНА ПЛАТФОРМА – ЗА ЖИТТЯ""";№210
Бас;Андрій;Ігорович;"ПОЛІТИЧНА ПАРТІЯ ""СИЛА І ЧЕСТЬ""";№123
Басан;Галина;Григорівна;"Політична партія ""ОПОЗИЦІЙНИЙ БЛОК""";№100
Басараб;Сергій;Михайлович;"Політична партія ""Європейська Солідарність""";№89
Басюк;Віталій;Валерійович;"ПОЛІТИЧНА ПАРТІЯ ""ПАРТІЯ ЗЕЛЕНИХ УКРАЇНИ""";№10
Басюк;Юрій;Олексійович;"Політична партія ""Європейська Солідарність""";№133
Батенко;Тарас;Іванович;Самовисування;№123
Батирсултанов;Махач;Далгатович;Самовисування;№51
Батій;Вадим;Валерійович;"політична партія Всеукраїнське об’єднання ""Свобода""";№173
Батлюк;Олег;Володимирович;"політична партія Всеукраїнське об’єднання ""Батьківщина""";№185
Батура;Наталія;Володимирівна;Самовисування;№49
Батуріна;Найля;Валентинівна;"ПОЛІТИЧНА ПАРТІЯ ""СОЦІАЛЬНА СПРАВЕДЛИВІСТЬ""";№93
Бахтеєва;Тетяна;Дмитрівна;"Політична партія ""ОПОЗИЦІЙНИЙ БЛОК""";№26
Башкаленко;Олександр;Костянтинович;"Політична партія ""ОПОЗИЦІЙНА ПЛАТФОРМА – ЗА ЖИТТЯ""";№45
Башта;Олександр;Ілліч;"політична партія Всеукраїнське об’єднання ""Свобода""";№152
Баштан;Олег;Васильович;Самовисування;№200
Баюрчак;Назарій;Володимирович;"ПОЛІТИЧНА ПАРТІЯ ""СОЦІАЛЬНА СПРАВЕДЛИВІСТЬ""";№134
Бебешко;Анатолій;Сергійович;"політична партія Всеукраїнське об’єднання ""Батьківщина""";№93
Бевз;Світлана;Володимирівна;Самовисування;№11
Бевз;Сергій;Васильович;"політична партія Всеукраїнське об’єднання ""Свобода""";№21
Бевз;Сергій;Владиславович;"ПОЛІТИЧНА ПАРТІЯ ""СИЛА І ЧЕСТЬ""";№42
Бевз;Христина;Мирославівна;"політична партія Всеукраїнське об’єднання ""Свобода""";№221
Бевзан;Юрій;Степанович;"ПОЛІТИЧНА ПАРТІЯ ""СЛУГА НАРОДУ""";№193
Бевзенко;Сергій;Георгійович;"ПОЛІТИЧНА ПАРТІЯ ""НЕЗАЛЕЖНІСТЬ""";№28
Бевзюк;Євгеній;Володимирович;"політична партія ""Громадянська позиція""";№84
Бегей;Василь;Амброзійович;"ПОЛІТИЧНА ПАРТІЯ ""УКРАЇНСЬКА СТРАТЕГІЯ ГРОЙСМАНА""";№46
Беднарчик;Наталія;Ігорівна;Самовисування;№121
Бедрата;Руслана;Іванівна;"Політична Партія ""ПАТРІОТ""";№100
Бедров;Олександр;Васильович;"Політична партія ""ОПОЗИЦІЙНИЙ БЛОК""";№142
Беженар;Вячеслав;Миколайович;Самовисування;№133
Беженар;Мірча;Дмитрович;Самовисування;№203
Безбородько;Андрій;Михайлович;Самовисування;№201
Безвершенко;Юлія;Василівна;"Політична Партія ""ГОЛОС""";№46
Безгін;Віталій;Юрійович;"ПОЛІТИЧНА ПАРТІЯ ""СЛУГА НАРОДУ""";№77
Бездуган;Віталій;Васильович;Самовисування;№103
Безкостий;Роман;Петрович;"політична партія Всеукраїнське об’єднання ""Свобода""";№68
Безніс;Олександр;Олександрович;"Політична партія ""ОПОЗИЦІЙНА ПЛАТФОРМА – ЗА ЖИТТЯ""";№214
Безноско;Василь;Іванович;"ПОЛІТИЧНА ПАРТІЯ ""НЕЗАЛЕЖНІСТЬ""";№21
Безпалюк;Віталій;Анатолійович;"Політична Партія ""ГОЛОС""";№106
Безсмертний;Роман;Петрович;Самовисування;№221
Безугла;Мар’яна;Володимирівна;"ПОЛІТИЧНА ПАРТІЯ ""СЛУГА НАРОДУ""";№217
Безуглий;Олександр;Миколайович;"ПОЛІТИЧНА ПАРТІЯ ""СЛУГА НАРОДУ""";№60
Бейдерман;Броніслава;Володимирівна;"Політична партія ""ОПОЗИЦІЙНА ПЛАТФОРМА – ЗА ЖИТТЯ""";№187
Бейко;Віктор;Олегович;Самовисування;№25
Бек;Ірина;Володимирівна;"Політична Партія ""ГОЛОС""";№70
Бекерська;Людмила;Сергіївна;"політична партія Всеукраїнське об’єднання ""Батьківщина""";№142
Белейканич;Олег;Іштванович;"Політична Партія ""ГОЛОС""";№121
Беленюк;Жан;Венсанович;"ПОЛІТИЧНА ПАРТІЯ ""СЛУГА НАРОДУ""";№10
Бельмега;Роман;Михайлович;Самовисування;№91
Беньковський;Борис;Броніславович;"Політична партія ""Об’єднання ""САМОПОМІЧ""";№72
Бенюк;Богдан;Михайлович;"політична партія Всеукраїнське об’єднання ""Свобода""";№6
Бердник;Дініс;Володимирович;"Політична партія ""Об’єднання ""САМОПОМІЧ""";№183
Бережна;Зоя;Яківна;Самовисування;№183
Бережной;Олександр;Анатолійович;Самовисування;№106
Береза;Борислав;Юхимович;Самовисування;№213
Береза;Оксана;Андріївна;"політична партія Всеукраїнське об’єднання ""Свобода""";№124
Береза;Юлія;Миколаївна;"ПОЛІТИЧНА ПАРТІЯ ""РАДИКАЛЬНА ПАРТІЯ ОЛЕГА ЛЯШКА""";№189
Береза;Юрій;Миколайович;Самовисування;№24
Березань;Ярослав;Григорович;"ПОЛІТИЧНА ПАРТІЯ ""УКРАЇНСЬКА СТРАТЕГІЯ ГРОЙСМАНА""";№61
Берездецький;Мар’ян;Романович;"політична партія Всеукраїнське об’єднання ""Свобода""";№73
Березін;Максим;Юрійович;"ПОЛІТИЧНА ПАРТІЯ ""СЛУГА НАРОДУ""";№151
Березкін;Максим;Станіславович;Самовисування;№157
Березкін;Станіслав;Семенович;Самовисування;№100
Березовський;Андрій;Андрійович;"політична партія ""Громадянська позиція""";№135
Березовський;Павло;Павлович;"політична партія ""Громадянська позиція""";№100
Ваврищук;Вадим;Петрович;Самовисування;№20
Вагапов;Андрій;Володимирович;"Політична Партія ""ПАТРІОТ""";№136
Вагін;Володимир;Володимирович;"ПОЛІТИЧНА ПАРТІЯ ""СИЛА ПРАВА""";№62
Вагнєр;Вікторія;Олександрівна;"ПОЛІТИЧНА ПАРТІЯ ""СЛУГА НАРОДУ""";№183
Вадатурський;Андрій;Олексійович;Самовисування;№130
Вайвала;Володимир;Володимирович;Самовисування;№134
Вайло;Олександр;Григорович;Самовисування;№209
Вака;Валерій;Валерійович;Аграрна партія України;№155
Вакарашу;Людмила;Олександрівна;"ПОЛІТИЧНА ПАРТІЯ ""СОЦІАЛЬНА СПРАВЕДЛИВІСТЬ""";№57
Вакарчук;Святослав;Іванович;"Політична Партія ""ГОЛОС""";№1
Ваколюк;Людмила;Євгенівна;"політична партія Всеукраїнське об’єднання ""Батьківщина""";№12
Валентиров;Сергій;Васильович;"Політична партія ""ОПОЗИЦІЙНА ПЛАТФОРМА – ЗА ЖИТТЯ""";№81
Валов;Олег;Володимирович;"Політична партія ""Європейська Солідарність""";№83
Вальчук;Анна;Василівна;"ПОЛІТИЧНА ПАРТІЯ ""ВСЕУКРАЇНСЬКЕ ОБ’ЄДНАННЯ ""ФАКЕЛ""";№57
Валюк;Олег;Борисович;Самовисування;№33
Валявка;Володимир;Ярославович;"політична партія Всеукраїнське об’єднання ""Свобода""";№153
Ванникова;Ірина;Валеріївна;Самовисування;№196
Ванцевич;Володимир;Олександрович;"Політична Партія ""ПАТРІОТ""";№130
Варивод;Геннадій;Григорович;"Політична партія ""ОПОЗИЦІЙНА ПЛАТФОРМА – ЗА ЖИТТЯ""";№164
Варічкін;Олександр;Дмитрович;"Політична Партія ""ПАТРІОТ""";№96
Варламов;Денис;Андрійович;Самовисування;№124
Варламов;Сергій;Сергійович;Самовисування;№135
Варфоломеєва;Марія;Сергіївна;"ПОЛІТИЧНА ПАРТІЯ ""СИЛА ПРАВА""";№23
Варшава;Віктор;Миколайович;"Політична Партія ""ГОЛОС""";№151
Василевич;Володимир;Степанович;Самовисування;№222
Василевська-Смаглюк;Ольга;Михайлівна;"ПОЛІТИЧНА ПАРТІЯ ""СЛУГА НАРОДУ""";№96
Василенко;Володимир;Андрійович;"ПОЛІТИЧНА ПАРТІЯ ""СИЛА ПРАВА""";№3
Василенко;Леся;Володимирівна;"Політична Партія ""ГОЛОС""";№17
Василенко;Олег;Вікторович;"політична партія Всеукраїнське об’єднання ""Свобода""";№174
Василенко;Світлана;Миколаївна;"політична партія Всеукраїнське об’єднання ""Свобода""";№184
Василець;Костянтин;Сергійович;"політична партія Всеукраїнське об’єднання ""Свобода""";№59
Василець;Олеся;Олександрівна;Самовисування;№114
Василишен;Володимир;Миколайович;Аграрна партія України;№16
Василишен;Юрій;Володимирович;Аграрна партія України;№115
Василишин;Петро;Стефанович;"ПОЛІТИЧНА ПАРТІЯ ""РАДИКАЛЬНА ПАРТІЯ ОЛЕГА ЛЯШКА""";№100
Василів;Ігор;Володимирович;"ПОЛІТИЧНА ПАРТІЯ ""СЛУГА НАРОДУ""";№164
Василіцький;Роман;Романович;"Політична партія ""Об’єднання ""САМОПОМІЧ""";№166
Васильєв;Віталій;Олександрович;"політична партія ""Громадянська позиція""";№41
Васильєв;Євгеній;Анатолійович;Самовисування;№112
Васильєв;Ігор;Сергійович;"ПОЛІТИЧНА ПАРТІЯ ""СЛУГА НАРОДУ""";№158
Васильєв;Олександр;Анатолійович;"ПОЛІТИЧНА ПАРТІЯ ""РАДИКАЛЬНА ПАРТІЯ ОЛЕГА ЛЯШКА""";№156
Васильєв;Олександр;Валерійович;Самовисування;№214
Васильєв;Олександр;Іванович;"Політична Партія ""ГОЛОС""";№136
Васильєва-Волковинська;Аліна;Олексіївна;"Політична партія ""ОПОЗИЦІЙНИЙ БЛОК""";№127
Василькевич;Костянтин;Юрійович;"політична партія Всеукраїнське об’єднання ""Свобода""";№89
Васильковський;Василь;Миколайович;Самовисування;№139
Васильковський;Ігор;Ігорович;"ПОЛІТИЧНА ПАРТІЯ ""СЛУГА НАРОДУ""";№139
Васильченко;Галина;Іванівна;"Політична Партія ""ГОЛОС""";№118
Васильчук;Вадим;Васильович;"Політична Партія ""ГОЛОС""";№214
Василюк;Віктор;Борисович;"політична партія ""Громадянська позиція""";№29
Василянська;Вікторія;Геннадіївна;Самовисування;№169
Васілі;Євген;Ігорович;"ПОЛІТИЧНА ПАРТІЯ ""СЛУГА НАРОДУ""";№48
Васільєв;Олександр;Володимирович;"Політична партія ""ОПОЗИЦІЙНА ПЛАТФОРМА – ЗА ЖИТТЯ""";№193
Васьков;Юрій;Юрійович;"Політична партія ""ОПОЗИЦІЙНИЙ БЛОК""";№81
Васьков;Ярослав;Валерійович;Самовисування;№217
Васюк;Анатолій;Григорович;Самовисування;№82
Васюк;Олександр;Олександрович;"ПОЛІТИЧНА ПАРТІЯ ""СЛУГА НАРОДУ""";№143
Васюхно;Валентина;Володимирівна;"Політична Партія ""ПАТРІОТ""";№94
Ватрас;Володимир;Антонович;"ПОЛІТИЧНА ПАРТІЯ ""СЛУГА НАРОДУ""";№72
Вацак;Геннадій;Анатолійович;Самовисування;№16
Ващенко;Ігор;Валерійович;"політична партія Всеукраїнське об’єднання ""Свобода""";№68
Ващенко;Олександр;Володимирович;"політична партія Всеукраїнське об’єднання ""Батьківщина""";№147
Ващинець;Михайло;Людвигович;"політична партія Всеукраїнське об’єднання ""Батьківщина""";№68
Ващишин;Юрій;Петрович;"Політична Партія ""ПАТРІОТ""";№89
Ващук;Віктор;Володимирович;"ПОЛІТИЧНА ПАРТІЯ ""СОЦІАЛЬНА СПРАВЕДЛИВІСТЬ""";№149
Ващук;Денис;Сергійович;"Політична партія ""Сила Людей""";№75
Ващук;Роман;Сергійович;Аграрна партія України;№96
Вдовенко;Марія;Володимирівна;"ПОЛІТИЧНА ПАРТІЯ ""СЛУГА НАРОДУ""";№191
Вдовиченко;Андрій;Вікторович;"ПОЛІТИЧНА ПАРТІЯ ""ВСЕУКРАЇНСЬКЕ ОБ’ЄДНАННЯ ""ФАКЕЛ""";№26
Вдовиченко;Наталія;Ярославівна;"ПОЛІТИЧНА ПАРТІЯ ""СОЦІАЛЬНА СПРАВЕДЛИВІСТЬ""";№67
Вдовцов;Михайло;Михайлович;"Політична партія ""Європейська Солідарність""";№16
Веденяпін;Владислав;Володимирович;"ПОЛІТИЧНА ПАРТІЯ ""СОЦІАЛЬНА СПРАВЕДЛИВІСТЬ""";№72
Ведмеденко;Юлія;Василівна;"Політична Партія ""ГОЛОС""";№140
Ведмідь;Марина;Геннадіївна;"Політична партія ""ОПОЗИЦІЙНИЙ БЛОК""";№97
Ведровська;Валентина;Валентинівна;"Політична Партія ""ГОЛОС""";№124
Вейдер;Дарт;Вікторович;"ПОЛІТИЧНА ПАРТІЯ ""БЛОК ДАРТА ВЕЙДЕРА"" ";№135
Велика;Марина;Іванівна;"ПОЛІТИЧНА ПАРТІЯ ""СОЦІАЛЬНА СПРАВЕДЛИВІСТЬ""";№81
Величко;Валерій;Миколайович;"ПОЛІТИЧНА ПАРТІЯ ""СИЛА ПРАВА""";№56
Величко;Володимир;Анатолійович;Самовисування;№74
Величко;Дмитрій;Миколайович;"ПОЛІТИЧНА ПАРТІЯ ""РАДИКАЛЬНА ПАРТІЯ ОЛЕГА ЛЯШКА""";№59
Величко;Олександр;Юлійович;"політична партія ""Громадянська позиція""";№22
Величко;Сергій;Олегович;"політична партія Всеукраїнське об’єднання ""Свобода""";№160
Величкович;Микола;Романович;"Політична партія ""Європейська Солідарність""";№19
Велієв;Ельхан;Назимович;"Політична партія ""ОПОЗИЦІЙНА ПЛАТФОРМА – ЗА ЖИТТЯ""";№51
Вельможний;Сергій;Анатолійович;Самовисування;№112
Венгер;Володимир;Миколайович;"Політична Партія ""ГОЛОС""";№39
Венедіктова;Ірина;Валентинівна;"ПОЛІТИЧНА ПАРТІЯ ""СЛУГА НАРОДУ""";№3
Веніславський;Федір;Володимирович;"ПОЛІТИЧНА ПАРТІЯ ""СЛУГА НАРОДУ""";№88
Верба;Вікторія;Володимирівна;"політична партія Всеукраїнське об’єднання ""Батьківщина""";№84
Верба;Ігор;Владіславович;"ПОЛІТИЧНА ПАРТІЯ ""РАДИКАЛЬНА ПАРТІЯ ОЛЕГА ЛЯШКА""";№161
Вербецький;Андрій;Олегович;Самовисування;№13
Вергунов;Віктор;Анатолійович;"політична партія Всеукраїнське об’єднання ""Батьківщина""";№51
Вережак;Іван;Михайлович;"Політична Партія ""ГОЛОС""";№88
Веремієнко;Оксана;Віталіївна;"Політична партія ""ОПОЗИЦІЙНИЙ БЛОК""";№208
Веремчук;Валерій;Миколайович;"політична партія ""Громадянська позиція""";№116
Веремчук;Олександр;Віталійович;Самовисування;№135
Верещинська;Вероніка;Вікторівна;Самовисування;№96
Верещук;Ірина;Андріївна;"ПОЛІТИЧНА ПАРТІЯ ""СЛУГА НАРОДУ""";№29
Верзілов;Дмитро;Олегович;"Політична партія ""ОПОЗИЦІЙНА ПЛАТФОРМА – ЗА ЖИТТЯ""";№184
Верігіна;Ірина;Костянтинівна;"політична партія Всеукраїнське об’єднання ""Батьківщина""";№41
Верлан-Кульшенко;Олена;Олександрівна;"Політична партія ""Європейська Солідарність""";№12
Вернигор;Віра;Петрівна;Самовисування;№32
Верховодова;Ольга;Іванівна;"ПОЛІТИЧНА ПАРТІЯ ""РАДИКАЛЬНА ПАРТІЯ ОЛЕГА ЛЯШКА""";№180
Вершигора;Михайло;Олександрович;Самовисування;№133
Вершина;Анатолій;Олексійович;"Політична партія ""ОПОЗИЦІЙНИЙ БЛОК""";№9
Веселкова;Галина;Петрівна;"ПОЛІТИЧНА ПАРТІЯ ""РАДИКАЛЬНА ПАРТІЯ ОЛЕГА ЛЯШКА""";№86
Веселов;Сергій;Робертович;"політична партія Всеукраїнське об’єднання ""Батьківщина""";№136
Веселова;Наталія;Василівна;"Політична партія ""Сила Людей""";№51
Весельський;Віктор;Леонідович;Самовисування;№65
Весьолкін;Володимир;Юрійович;Самовисування;№51
Весьолкіна;Аліса;Олексіївна;Самовисування;№60
Ветров;Сергій;Володимирович;"Політична партія ""ОПОЗИЦІЙНА ПЛАТФОРМА – ЗА ЖИТТЯ""";№131
Вєровчук;Наталія;Володимирівна;Аграрна партія України;№7
Вєтров;Олег;Миколайович;Аграрна партія України;№102
Вєтров;Сергій;Олександрович;Самовисування;№51
Виговський;Микола;Юрійович;"Політична Партія ""ГОЛОС""";№64
Вигонюк;Андрій;Володимирович;"політична партія Всеукраїнське об’єднання ""Свобода""";№18
Видиш;Сергій;Феодосійович;"ПОЛІТИЧНА ПАРТІЯ ""ВСЕУКРАЇНСЬКЕ ОБ’ЄДНАННЯ ""ФАКЕЛ""";№45
Видолоб;Дмитро;Вікторович;"ПОЛІТИЧНА ПАРТІЯ ""СЛУГА НАРОДУ""";№168
Видря;Олександр;Володимирович;"політична партія ""Громадянська позиція""";№43
Винар;Ростислав;Любомирович;"Політична Партія ""ГОЛОС""";№83
Виноградник;Тарас;Теофілович;"Політична партія ""Народний Рух України""";№86
Виноградов;Сергій;Юрійович;Самовисування;№47
Виноградова;Аліса;Миколаївна;"ПОЛІТИЧНА ПАРТІЯ ""ПАРТІЯ ШАРІЯ""";№21
Виноградова;Вікторія;Едуардівна;"ПОЛІТИЧНА ПАРТІЯ ""СОЦІАЛЬНА СПРАВЕДЛИВІСТЬ""";№89
Виноградова;Діана;Олександрівна;"політична партія Всеукраїнське об’єднання ""Свобода""";№39
Винокуров;Віталій;Миколайович;"політична партія ""Громадянська позиція""";№95
Висоцький;Сергій;Віталійович;"Політична партія ""Європейська Солідарність""";№44
Вихрущ;Анатолій;Володимирович;"Політична партія ""Народний Рух України""";№163
Вишинський;Вадим;Борисович;"Політична партія ""Рух Нових Сил Михайла Саакашвілі""";№40
Вишневецький;Роман;Вікторович;Самовисування;№30
Вишневецький;Руслан;Юрійович;Самовисування;№25
Вишневська;Валентина;Юліївна;"Політична партія ""ОПОЗИЦІЙНА ПЛАТФОРМА – ЗА ЖИТТЯ""";№90
Вишньов;Віктор;Михайлович;Самовисування;№63
Вишняк;Сергій;Володимирович;"Політична партія ""Об’єднання ""САМОПОМІЧ""";№131
Вишняков;Олександр;Вікторович;"Політична партія ""ОПОЗИЦІЙНИЙ БЛОК""";№51
Відмиш;Євген;Аркадійович;"ПОЛІТИЧНА ПАРТІЯ ""РАДИКАЛЬНА ПАРТІЯ ОЛЕГА ЛЯШКА""";№27
Відренков;Юрій;Сергійович;Самовисування;№31
Візеренко;Тетяна;Сергіївна;Самовисування;№124
Вікнянський;Микола;Львович;"Політична Партія ""ГОЛОС""";№135
Віленський;Олександр;Станіславович;"Політична партія ""ОПОЗИЦІЙНИЙ БЛОК""";№24
Вілівчук;Максим;Олександрович;"політична партія Всеукраїнське об’єднання ""Свобода""";№105
Вілкул;Олександр;Юрійович;"Політична партія ""ОПОЗИЦІЙНИЙ БЛОК""";№2
Вінник;Іван;Юлійович;Самовисування;№184
Вінник;Юлія;Сергіївна;"Політична партія ""ОПОЗИЦІЙНА ПЛАТФОРМА – ЗА ЖИТТЯ""";№135
Вінніченко;Катерина;Василівна;"ПОЛІТИЧНА ПАРТІЯ ""ПАРТІЯ ЗЕЛЕНИХ УКРАЇНИ""";№18
Вінтоняк;Віктор;Михайлович;Самовисування;№83
Вінтоняк;Олена;Василівна;"ПОЛІТИЧНА ПАРТІЯ ""СЛУГА НАРОДУ""";№117
Віншель;Вадим;Сергійович;"Політична партія ""ОПОЗИЦІЙНА ПЛАТФОРМА – ЗА ЖИТТЯ""";№33
Віняр;Степан;Михайлович;"політична партія Всеукраїнське об’єднання ""Свобода""";№163
Вірастюк;Роман;Ярославович;Самовисування;№84
Вітвіцький;Олег;Іванович;"Політична Партія ""ГОЛОС""";№166
Вітів;Анатолій;Миколайович;"політична партія Всеукраїнське об’єднання ""Свобода""";№12
Вітко;Антон;Олександрович;Самовисування;№149
Вітко;Артем;Леонідович;Самовисування;№149
Вітряний;Олесь;Анатолійович;"Політична партія ""Рух Нових Сил Михайла Саакашвілі""";№33
Віхоть;Лариса;Петрівна;"ПОЛІТИЧНА ПАРТІЯ ""СОЦІАЛЬНА СПРАВЕДЛИВІСТЬ""";№63
Віхтюк;Сергій;Степанович;Аграрна партія України;№174
Власенко;Сергій;Володимирович;"політична партія Всеукраїнське об’єднання ""Батьківщина""";№9
Власенко;Юрій;Дмитрович;"політична партія Всеукраїнське об’єднання ""Батьківщина""";№205
Власкова;Людмила;Сергіївна;"ПОЛІТИЧНА ПАРТІЯ ""СОЦІАЛЬНА СПРАВЕДЛИВІСТЬ""";№53
Вовк;Анна;В’ячеславівна;"Політична партія ""Рух Нових Сил Михайла Саакашвілі""";№22
Вовк;Артур;Анатолійович;Самовисування;№26
Вовчок;Любомира;Луківна;"політична партія Всеукраїнське об’єднання ""Свобода""";№119
Водолазький;Олександр;Миколайович;Самовисування;№26
Водопшина;Ірина;Андріївна;Самовисування;№49
Возний;Сергій;Олександрович;Самовисування;№95
Вознюк;Юрій;Володимирович;Самовисування;№153
Войналович;Людмила;Миколаївна;"Політична партія ""Європейська Солідарність""";№96
Войникова;Ольга;Сергіївна;"політична партія Всеукраїнське об’єднання ""Свобода""";№211
Войташек;Іван;Іванович;Самовисування;№87
Войтенко;Володимир;Володимирович;"політична партія Всеукраїнське об’єднання ""Батьківщина""";№157
Войтенко;Марина;Петрівна;"Політична Партія ""ГОЛОС""";№50
Войтов;Геннадій;Олександрович;Самовисування;№34
Войцех;Юлія;Миколаївна;"ПОЛІТИЧНА ПАРТІЯ ""РАДИКАЛЬНА ПАРТІЯ ОЛЕГА ЛЯШКА""";№54
Войцехівський;Михайло;Федорович;"ПОЛІТИЧНА ПАРТІЯ ""СОЦІАЛЬНА СПРАВЕДЛИВІСТЬ""";№10
Войцеховський;Василь;Володимирович;Самовисування;№189
Войцицька;Світлана;Станіславівна;"ПОЛІТИЧНА ПАРТІЯ ""РАДИКАЛЬНА ПАРТІЯ ОЛЕГА ЛЯШКА""";№191
Войціцька;Вікторія;Михайлівна;"Політична Партія ""ГОЛОС""";№155
Волгін;Андріан;Вікторович;Самовисування;№83
Волгіна;Олена;Юріївна;"ПОЛІТИЧНА ПАРТІЯ ""НЕЗАЛЕЖНІСТЬ""";№56
Волинець;Михайло;Якович;"політична партія Всеукраїнське об’єднання ""Батьківщина""";№20
Волинець;Ольга;Дмитрівна;"ПОЛІТИЧНА ПАРТІЯ ""РАДИКАЛЬНА ПАРТІЯ ОЛЕГА ЛЯШКА""";№150
Волинко;Валентина;Сергіївна;"Політична Партія ""ПАТРІОТ""";№69
Воліковський;Валентин;Михайлович;"політична партія Всеукраїнське об’єднання ""Свобода""";№16
Волков;Віктор;Пилипович;Самовисування;№25
Волков;Володимир;Валерійович;"Політична партія ""ОПОЗИЦІЙНИЙ БЛОК""";№118
Волков;Ярослав;Олександрович;Самовисування;№105
Волкова;Марія;Михайлівна;Аграрна партія України;№158
Волковський;Віктор;Григорович;"Політична Партія ""ПАТРІОТ""";№65
Воловенко;Олександра;Володимирівна;Самовисування;№113
Волович;Максим;Володимирович;"Політична партія ""Європейська Солідарність""";№61
Воловодюк;Володимир;Володимирович;"політична партія ""Громадянська позиція""";№65
Володєєв;Олексій;Петрович;Самовисування;№133
Володій;Віра;Миколаївна;"ПОЛІТИЧНА ПАРТІЯ ""ГРОМАДСЬКО-ПОЛІТИЧНА ПЛАТФОРМА НАДІЇ САВЧЕНКО""";№196
Володіна;Дар’я;Артемівна;"ПОЛІТИЧНА ПАРТІЯ ""СЛУГА НАРОДУ""";№65
Волохов;Олексій;Сергійович;Самовисування;№102
Волочай;Світлана;Вячеславівна;"ПОЛІТИЧНА ПАРТІЯ ""УКРАЇНСЬКА СТРАТЕГІЯ ГРОЙСМАНА""";№51
Волошенюк;Ігор;Васильович;Аграрна партія України;№18
Волошин;Григорій;Сергійович;"політична партія Всеукраїнське об’єднання ""Свобода""";№178
Волошин;Ігор;Володимирович;"політична партія Всеукраїнське об’єднання ""Батьківщина""";№101
Волошин;Олег;Анатолійович;"Політична партія ""ОПОЗИЦІЙНА ПЛАТФОРМА – ЗА ЖИТТЯ""";№30
Волошин;Олег;Миколайович;"ПОЛІТИЧНА ПАРТІЯ ""РАДИКАЛЬНА ПАРТІЯ ОЛЕГА ЛЯШКА""";№128
Волошин;Сергій;Сергійович;"Політична партія ""ПРАВИЙ СЕКТОР""";№132
Волошина;Алла;Іванівна;"Політична партія ""Європейська Солідарність""";№81
Волошина;Ольга;Михайлівна;Самовисування;№157
Волошко;Василь;Євгенович;"ПОЛІТИЧНА ПАРТІЯ ""РАДИКАЛЬНА ПАРТІЯ ОЛЕГА ЛЯШКА""";№42
Волошко;Олена;Володимирівна;Самовисування;№213
Вольський;Ярослав;Васильович;Самовисування;№89
Воробій;Володимир;Дмитрович;Аграрна партія України;№84
Воробйов;Євген;Олександрович;"ПОЛІТИЧНА ПАРТІЯ ""СИЛА ПРАВА""";№46
Воробйов;Олександр;Григорович;"Політична партія ""ОПОЗИЦІЙНИЙ БЛОК""";№95
Воробйов;Олександр;Степанович;Самовисування;№185
Воробйов;Олексій;Васильович;"Політична партія ""ОПОЗИЦІЙНИЙ БЛОК""";№130
Воробйова;Жанна;Миколаївна;"ПОЛІТИЧНА ПАРТІЯ ""РАДИКАЛЬНА ПАРТІЯ ОЛЕГА ЛЯШКА""";№134
Ворожко;Дмитро;Ігорович;"Політична партія ""ОПОЗИЦІЙНИЙ БЛОК""";№161
Ворона;Петро;Васильович;Самовисування;№145
Вороненко;Вікторія;Сергіївна;Самовисування;№213
Воронецький;Словян;Ількович;"політична партія Всеукраїнське об’єднання ""Батьківщина""";№90
Воронич;Ігор;Іванович;"політична партія ""Громадянська позиція""";№107
Воронко;Тетяна;Данилівна;"ПОЛІТИЧНА ПАРТІЯ ""РАДИКАЛЬНА ПАРТІЯ ОЛЕГА ЛЯШКА""";№72
Воронков;Вадим;Васильович;"ПОЛІТИЧНА ПАРТІЯ ""НЕЗАЛЕЖНІСТЬ""";№23
Воронков;Дмитро;Валерійович;Самовисування;№107
Воронов;Володимир;Анатолійович;"ПОЛІТИЧНА ПАРТІЯ ""СЛУГА НАРОДУ""";№41
Воронов;Сергій;Вікторович;"політична партія Всеукраїнське об’єднання ""Батьківщина""";№66
Воронов;Сергій;Павлович;"політична партія Всеукраїнське об’єднання ""Свобода""";№198
Воронцова;Олена;Володимирівна;"ПОЛІТИЧНА ПАРТІЯ ""СЛУГА НАРОДУ""";№200
Воронько;Олег;Євгенійович;"ПОЛІТИЧНА ПАРТІЯ ""СЛУГА НАРОДУ""";№103
Воропаєв;Олександр;Геннадійович;Самовисування;№106
Воропаєв;Юрій;Миколайович;"Політична партія ""ОПОЗИЦІЙНИЙ БЛОК""";№13
Воропаєва;Ірина;Анатоліївна;Самовисування;№136
Воскобойніков;Вадим;Володимирович;Самовисування;№180
Вощанов;Родіон;Ігорович;"ПОЛІТИЧНА ПАРТІЯ ""СЛУГА НАРОДУ""";№46
Врадій;Антоніна;Миколаївна;"політична партія ""Громадянська позиція""";№108
Вуй;Юрій;Ярославович;Аграрна партія України;№118
Вучкан;Сергій;Феодосійович;"ПОЛІТИЧНА ПАРТІЯ ""НЕЗАЛЕЖНІСТЬ""";№17
В’юн;Віталій;Анатолійович;"Політична Партія ""ГОЛОС""";№164
В’язовий;Вячеслав;Вікторович;Самовисування;№26
В’ятрович;Володимир;Михайлович;"Політична партія ""Європейська Солідарність""";№25
Габай;Василь;Михайлович;"політична партія ""Громадянська позиція""";№21
Габібуллаєва;Дінара;Тарлан;"Політична партія ""Європейська Солідарність""";№36
Гава;Сергій;Миколайович;Самовисування;№37
Гавенко;Олексій;Вікторович;"Політична партія ""Рух Нових Сил Михайла Саакашвілі""";№77
Гавриленко;Віталій;Миколайович;"Політична Партія ""ПАТРІОТ""";№121
Гавриленко;Сергій;Анатолійович;Самовисування;№162
Гаврилків;Дмитро;Романович;"ПОЛІТИЧНА ПАРТІЯ ""РАДИКАЛЬНА ПАРТІЯ ОЛЕГА ЛЯШКА""";№89
Гаврилко;Олег;Григорович;"політична партія Всеукраїнське об’єднання ""Свобода""";№56
Гаврилов;Микола;Васильович;Самовисування;№39
Гаврилюк;Василь;Васильович;"ПОЛІТИЧНА ПАРТІЯ ""СИЛА І ЧЕСТЬ""";№190
Гаврилюк;Василь;Васильович;"політична партія ""Громадянська позиція""";№193
Гаврилюк;Ігор;Євгенійович;"ПОЛІТИЧНА ПАРТІЯ ""РАЗОМ СИЛА""";№156
Гаврилюк;Михайло;Віталійович;Самовисування;№95
Гаврилюк;Оксана;Євгенівна;"Політична партія ""ОПОЗИЦІЙНА ПЛАТФОРМА – ЗА ЖИТТЯ""";№217
Гавриш;Володимир;Львович;"Політична партія ""Рух Нових Сил Михайла Саакашвілі""";№13
Гавриш;Петро;Орестович;"політична партія Всеукраїнське об’єднання ""Свобода""";№175
Гаврищук;Андрій;Олександрович;"Політична Партія ""ГОЛОС""";№124
Гаврік;Максим;Сергійович;Самовисування;№133
Гаврон;Володимир;Іванович;"Політична Партія ""ГОЛОС""";№126
Гаврутенко;Олександр;Анатолійович;Самовисування;№208
Гай;Ігор;Віталійович;Аграрна партія України;№36
Гайворонський;Анатолій;Іванович;Самовисування;№38
Гайда;Ігор;Орестович;"Політична Партія ""ПАТРІОТ""";№91
Гайдабура;Світлана;Борисівна;"ПОЛІТИЧНА ПАРТІЯ ""РАДИКАЛЬНА ПАРТІЯ ОЛЕГА ЛЯШКА""";№46
Гайдай;Сергій;Анатолійович;Аграрна партія України;№6
Гайдамака;Любомир;Анатолійович;Самовисування;№91
Гайдамачук;Володимир;Анатолійович;Самовисування;№90
Гайду;Олександр;Васильович;"ПОЛІТИЧНА ПАРТІЯ ""СЛУГА НАРОДУ""";№128
Гайдук;Сергій;Павлович;Самовисування;№76
Гайдукевич;Валерій;Володимирович;Самовисування;№208
Гайдур;Юрій;Антонович;"Політична Партія ""ПАТРІОТ""";№70
Гайдуцький;Андрій;Павлович;"ПОЛІТИЧНА ПАРТІЯ ""СИЛА І ЧЕСТЬ""";№7
Гайдуцький;Дмитро;Романович;"Політична партія ""Європейська Солідарність""";№84
Гайнутдінова;Тетяна;Миколаївна;"Політична партія ""ОПОЗИЦІЙНИЙ БЛОК""";№179
Гайович;Вадим;Юрійович;Самовисування;№197
Гайструк;Сергій;Анатолійович;"політична партія ""Громадянська позиція""";№18
Галаган;Олена;Ярославівна;"ПОЛІТИЧНА ПАРТІЯ ""НЕЗАЛЕЖНІСТЬ""";№51
Галаган;Юрій;Васильович;Самовисування;№105
Галайко;Богдан;Миколайович;"політична партія Всеукраїнське об’єднання ""Свобода""";№92
Галайко;Руслан;Леонович;"Політична Партія ""ПАТРІОТ""";№117
Галайчук;Вадим;Сергійович;"ПОЛІТИЧНА ПАРТІЯ ""СЛУГА НАРОДУ""";№44
Галактіонов;Ігор;Сергійович;"ПОЛІТИЧНА ПАРТІЯ ""СИЛА ПРАВА""";№15
Галамай;Олег;Миронович;"Політична партія ""ОПОЗИЦІЙНИЙ БЛОК""";№163
Галасюк;Богдален;Богданович;Самовисування;№105
Галасюк;Віктор;Валерійович;"ПОЛІТИЧНА ПАРТІЯ ""РАДИКАЛЬНА ПАРТІЯ ОЛЕГА ЛЯШКА""";№2
Галензовський;Олексій;Анатолійович;"ПОЛІТИЧНА ПАРТІЯ ""СОЦІАЛЬНА СПРАВЕДЛИВІСТЬ""";№76
Галенко;Наталія;Олександрівна;"ПОЛІТИЧНА ПАРТІЯ ""СОЦІАЛЬНА СПРАВЕДЛИВІСТЬ""";№35
Галета;Роксолана;Ігорівна;Самовисування;№16
Галицький;Сергій;Францович;"політична партія Всеукраїнське об’єднання ""Свобода""";№66
Галицький;Юрій;Сидорович;"Політична партія ""ОПОЗИЦІЙНИЙ БЛОК""";№97
Галич;Віктор;Анатолійович;Самовисування;№147
Галіцька;Вікторія;Вікторівна;Самовисування;№12
Галіч;Юлія;Вікторівна;"Політична партія ""ОПОЗИЦІЙНИЙ БЛОК""";№142
Галко;Олександр;Михайлович;Самовисування;№187
Галушка;Андрій;Михайлович;Самовисування;№120
Галушко;Микола;Леонідович;"ПОЛІТИЧНА ПАРТІЯ ""СЛУГА НАРОДУ""";№97
Галущак;Михайло;Михайлович;"політична партія Всеукраїнське об’єднання ""Свобода""";№112
Гальченко;Андрій;Володимирович;Самовисування;№32
Гаманець;Дмитро;Миколайович;Самовисування;№81
Гамза;Сергій;Іванович;Самовисування;№146
Ганбаров;Руслан;Афганович;Самовисування;№133
Ганжа;Володимир;Михайлович;"ПОЛІТИЧНА ПАРТІЯ ""СИЛА І ЧЕСТЬ""";№90
Ганжа;Максим;Євгенович;"ПОЛІТИЧНА ПАРТІЯ ""СИЛА ПРАВА""";№39
Ганжа;Сергій;Анатолійович;"Політична партія ""Об’єднання ""САМОПОМІЧ""";№53
Ганненко;Ігор;Анатолійович;"політична партія Всеукраїнське об’єднання ""Батьківщина""";№71
Гапонов;Віталій;Олегович;Самовисування;№132
Гапун;Володимир;Ярославович;"політична партія Всеукраїнське об’єднання ""Свобода""";№202
Гапченко;Валерій;Володимирович;Самовисування;№157
Гарасим;Ярослав;Іванович;"Політична Партія ""ГОЛОС""";№44
Гарасимко;Іван;Михайлович;"Політична партія ""Об’єднання ""САМОПОМІЧ""";№83
Гарасим’як;Роман;Іванович;Самовисування;№121
Гаркава;Марина;Олександрівна;Самовисування;№197
Гаркуша;Сергій;Олександрович;"Політична партія ""Рух Нових Сил Михайла Саакашвілі""";№17
Гарницький;Павло;Петрович;Самовисування;№216
Гарькавий;Володимир;Віталійович;"політична партія Всеукраїнське об’єднання ""Батьківщина""";№29
Гасай;Ярослав;Григорович;Самовисування;№163
Гасько;Артем;Михайлович;Самовисування;№82
Гасюк;Анатолій;Петрович;Самовисування;№131
Гасюк;Ольга;Анатоліївна;Аграрна партія України;№24
Гауке;Ольга;Іванівна;"Політична партія ""ОПОЗИЦІЙНА ПЛАТФОРМА – ЗА ЖИТТЯ""";№173
Гашенко;Людмила;Дмитрівна;Самовисування;№76
Гвоздович;Юлія;Орестівна;"Політична Партія ""ГОЛОС""";№36
Гевко;Володимир;Леонідович;"ПОЛІТИЧНА ПАРТІЯ ""СЛУГА НАРОДУ""";№167
Гевци;Ігор;Євгенович;"Політична Партія ""ГОЛОС""";№101
Гезь;Дмитро;Васильович;"Політична партія ""ОПОЗИЦІЙНА ПЛАТФОРМА – ЗА ЖИТТЯ""";№145
Гейло;Ігор;Вікторович;"ПОЛІТИЧНА ПАРТІЯ ""РАДИКАЛЬНА ПАРТІЯ ОЛЕГА ЛЯШКА""";№81
Гензель;Артем;Ігорович;"Політична партія ""Об’єднання ""САМОПОМІЧ""";№210
Герасименко;Володимир;Григорович;"Політична партія ""Сила Людей""";№212
Герасименко;Дмитро;Віталійович;Аграрна партія України;№101
Герасименко;Ігор;Леонідович;"ПОЛІТИЧНА ПАРТІЯ ""СЛУГА НАРОДУ""";№62
Герасимов;Артур;Володимирович;"Політична партія ""Європейська Солідарність""";№11
Герасимчук;Надія;Анатоліївна;"Політична партія ""ОПОЗИЦІЙНИЙ БЛОК""";№147
Герасимчук;Юрій;Михайлович;"Політична партія ""Сила Людей""";№201
Герасимюк;Сергій;Сергійович;Самовисування;№182
Геращенко;Ірина;Володимирівна;"Політична партія ""Європейська Солідарність""";№3
Геращенко;Ярина;Михайлівна;"політична партія Всеукраїнське об’єднання ""Свобода""";№134
Герба;Олександр;Володимирович;"ПОЛІТИЧНА ПАРТІЯ ""РАДИКАЛЬНА ПАРТІЯ ОЛЕГА ЛЯШКА""";№179
Гергель;Андрій;Миколайович;Самовисування;№134
Гергелюк;Володимир;Іванович;"Політична Партія ""ГОЛОС""";№84
Гергерт;Андрій;Валерійович;"політична партія Всеукраїнське об’єднання ""Свобода""";№126
Герговський;Антон;Юрійович;Самовисування;№62
Герега;Олександр;Володимирович;Самовисування;№192
Герелюк;Іван;Миколайович;"ПОЛІТИЧНА ПАРТІЯ ""ВСЕУКРАЇНСЬКЕ ОБ’ЄДНАННЯ ""ФАКЕЛ""";№24
Герман;Богдан;Петрович;Аграрна партія України;№122
Герман;Борис;Степанович;Самовисування;№93
Герман;Денис;Вадимович;"ПОЛІТИЧНА ПАРТІЯ ""СЛУГА НАРОДУ""";№35
Герман;Микола;Васильович;Самовисування;№203
Гермаш;Дарина;Мамуківна;Самовисування;№148
Герус;Андрій;Михайлович;"ПОЛІТИЧНА ПАРТІЯ ""СЛУГА НАРОДУ""";№17
Гершун;Юлія;Валеріївна;Самовисування;№24
Гетманцев;Данило;Олександрович;"ПОЛІТИЧНА ПАРТІЯ ""СЛУГА НАРОДУ""";№20
Гетманчук;Сергій;Анатолійович;"політична партія ""Громадянська позиція""";№138
Гєллєр;Євгеній;Борисович;"Політична партія ""ОПОЗИЦІЙНИЙ БЛОК""";№12
Гижко;Андрій;Петрович;"Політична партія ""Європейська Солідарність""";№11
Гиря;Олександр;Анатолійович;"Політична Партія ""ПАТРІОТ""";№158
Гіглава;Вікторія;Миколаївна;Самовисування;№221
Гізела;Володимир;Михайлович;"Політична Партія ""ПАТРІОТ""";№37
Гікалов;Віктор;Олексійович;"Політична партія ""ОПОЗИЦІЙНИЙ БЛОК""";№156
Гілка;Євген;Олександрович;"Політична Партія ""ГОЛОС""";№167
Гілко;Тарас;Володимирович;"політична партія ""Громадянська позиція""";№89
Гілюк;Володимир;Васильович;"ПОЛІТИЧНА ПАРТІЯ ""РАДИКАЛЬНА ПАРТІЯ ОЛЕГА ЛЯШКА""";№202
Гінак;Алла;Федорівна;Самовисування;№141
Гінкул;Андрій;Георгійович;"Політична Партія ""ГОЛОС""";№117
Гіптенко;Роман;Анатолійович;"ПОЛІТИЧНА ПАРТІЯ ""ВСЕУКРАЇНСЬКЕ ОБ’ЄДНАННЯ ""ФАКЕЛ""";№8
Гіренко;Олександр;Тимофійович;"ПОЛІТИЧНА ПАРТІЯ ""СИЛА І ЧЕСТЬ""";№19
Гірман;Олександр;Вікторович;"ПОЛІТИЧНА ПАРТІЯ ""ПАРТІЯ ЗЕЛЕНИХ УКРАЇНИ""";№41
Гірник;Євгеній;Володимирович;Самовисування;№126
Гірняк;Володимир;Олегович;"політична партія ""Громадянська позиція""";№120
Гіршфельд;Анатолій;Мусійович;Самовисування;№179
Гісем;Мирослав;Володимирович;Самовисування;№68
Гладенький;Микола;Іванович;"ПОЛІТИЧНА ПАРТІЯ ""ПАРТІЯ ШАРІЯ""";№8
Гладишев;Максим;Сергійович;Самовисування;№80
Гладій;Василь;Іванович;"політична партія Всеукраїнське об’єднання ""Батьківщина""";№33
Гладкий;Дмитро;Вікторович;"ПОЛІТИЧНА ПАРТІЯ ""СЛУГА НАРОДУ""";№80
Гладуняк;Іван;Васильович;"політична партія ""Громадянська позиція""";№24
Гладченко;Анатолій;Анатолійович;"політична партія ""Громадянська позиція""";№111
Гладченко;Дмитро;Сергійович;"ПОЛІТИЧНА ПАРТІЯ ""ВСЕУКРАЇНСЬКЕ ОБ’ЄДНАННЯ ""ФАКЕЛ""";№12
Гладчук;Вадим;Федорович;Самовисування;№223
Глазунов;Дмитро;Борисович;Самовисування;№22
Глебова;Яна;Олександрівна;"ПОЛІТИЧНА ПАРТІЯ ""РАДИКАЛЬНА ПАРТІЯ ОЛЕГА ЛЯШКА""";№94
Глива;Святослав;Анатолійович;"Політична партія ""ОПОЗИЦІЙНИЙ БЛОК""";№98
Глікман;Михайло;Миколайович;"Політична партія ""ОПОЗИЦІЙНА ПЛАТФОРМА – ЗА ЖИТТЯ""";№93
Глухов;Максим;Володимирович;"політична партія ""Громадянська позиція""";№158
Глушко;Тимур;Вікторович;"політична партія Всеукраїнське об’єднання ""Батьківщина""";№132
Глушков;Валерій;Олександрович;"ПОЛІТИЧНА ПАРТІЯ ""СОЦІАЛЬНА СПРАВЕДЛИВІСТЬ""";№28
Глущенко;Віктор;Володимирович;Самовисування;№137
Глущенко;Євгеній;Михайлович;Самовисування;№97
Глущенко;Людмила;Анатоліївна;"Політична партія ""Об’єднання ""САМОПОМІЧ""";№49
Глущенко;Олексій;Анатолійович;Самовисування;№219
Гнатенко;Валерій;Сергійович;"Політична партія ""ОПОЗИЦІЙНА ПЛАТФОРМА – ЗА ЖИТТЯ""";№49
Гнатовська;Ксенія;Дмитрівна;"Політична партія ""Сила Людей""";№17
Гнатуш;Андрій;Романович;Самовисування;№122
Гнатущенко;Володимир;Іванович;"ПОЛІТИЧНА ПАРТІЯ ""НЕЗАЛЕЖНІСТЬ""";№50
Говенько;Роман;Володимирович;"ПОЛІТИЧНА ПАРТІЯ ""РАДИКАЛЬНА ПАРТІЯ ОЛЕГА ЛЯШКА""";№115
Говоренко;Володимир;Олександрович;"Політична партія ""ОПОЗИЦІЙНА ПЛАТФОРМА – ЗА ЖИТТЯ""";№150
Говоруха;Віталій;Миколайович;Самовисування;№174
Говоруха;Максим;Миколайович;Самовисування;№107
Говоруха;Олег;Володимирович;Самовисування;№24
Говорушко;Олег;Ігорович;Самовисування;№146
Говтва;Микола;Олексійович;"Політична партія ""ОПОЗИЦІЙНИЙ БЛОК""";№120
Гогунська;Катерина;Андріївна;"політична партія Всеукраїнське об’єднання ""Батьківщина""";№43
Годлевський;Віктор;Сергійович;Аграрна партія України;№78
Годунок;Ярослав;Миколайович;"політична партія Всеукраїнське об’єднання ""Батьківщина""";№98
Гой;Володимир;Богданович;"ПОЛІТИЧНА ПАРТІЯ ""УКРАЇНСЬКА СТРАТЕГІЯ ГРОЙСМАНА""";№63
Голець;Віталій;Віталійович;"Політична партія ""ОПОЗИЦІЙНА ПЛАТФОРМА – ЗА ЖИТТЯ""";№114
Голигін;Віталій;Володимирович;"Політична партія ""ОПОЗИЦІЙНА ПЛАТФОРМА – ЗА ЖИТТЯ""";№19
Голинський;Андрій;Миколайович;"ПОЛІТИЧНА ПАРТІЯ ""ГРОМАДА І ЗАКОН""";№87
Голіков;Олексій;Юрійович;"Політична партія ""Об’єднання ""САМОПОМІЧ""";№179
Голіней;Михайло;Мирославович;Самовисування;№221
Голіней;Юрій;Дмитрович;"Політична партія ""Європейська Солідарність""";№87
Голінько;Сергій;Сергійович;Самовисування;№182
Голобородько;Павло;Віталійович;Самовисування;№94
Головата;Оксана;Михайлівна;"ПОЛІТИЧНА ПАРТІЯ ""СИЛА ПРАВА""";№57
Головач;Олександр;Леонідович;"політична партія Всеукраїнське об’єднання ""Батьківщина""";№146
Головійчук;Ленура;Таїрівна;"ПОЛІТИЧНА ПАРТІЯ ""ПАРТІЯ ЗЕЛЕНИХ УКРАЇНИ""";№42
Головін;Ігор;Володимирович;"ПОЛІТИЧНА ПАРТІЯ ""СВІДОМА НАЦІЯ""";№12
Головін;Микола;Олексійович;"Політична партія ""УДАР (Український Демократичний Альянс за Реформи) Віталія Кличка""";№93
Головін;Роман;Григорович;Самовисування;№197
Головінов;Ігор;Іванович;"ПОЛІТИЧНА ПАРТІЯ ""РАДИКАЛЬНА ПАРТІЯ ОЛЕГА ЛЯШКА""";№179
Головко;Аліна;Миколаївна;Самовисування;№105
Головко;Валерій;Анатолійович;Самовисування;№145
Головко;Віктор;Іванович;"Політична партія ""ОПОЗИЦІЙНА ПЛАТФОРМА – ЗА ЖИТТЯ""";№47
Головко;Михайло;Йосифович;"політична партія Всеукраїнське об’єднання ""Свобода""";№164
Головко;Наталя;Олегівна;"ПОЛІТИЧНА ПАРТІЯ ""НЕЗАЛЕЖНІСТЬ""";№54
Головко;Олександр;Анатолійович;Самовисування;№200
Головко;Олексій;Володимирович;"ПОЛІТИЧНА ПАРТІЯ ""СОЦІАЛЬНА СПРАВЕДЛИВІСТЬ""";№136
Головко;Степан;Сергійович;"політична партія Всеукраїнське об’єднання ""Свобода""";№81
Головко;Тетяна;Іванівна;"ПОЛІТИЧНА ПАРТІЯ ""РАДИКАЛЬНА ПАРТІЯ ОЛЕГА ЛЯШКА""";№29
Головчанський;Андрій;Всеволодович;"Політична партія ""ОПОЗИЦІЙНА ПЛАТФОРМА – ЗА ЖИТТЯ""";№132
Головченко;Олег;Віталійович;"політична партія Всеукраїнське об’єднання ""Свобода""";№148
Гололобов;Сергій;Миколайович;"ПОЛІТИЧНА ПАРТІЯ ""СИЛА І ЧЕСТЬ""";№44
Голомша;Микола;Ярославович;"Політична Партія ""ПАТРІОТ""";№1
Голосний;Максим;Ігоревич;Самовисування;№29
Голтишов;Михайло;Миколайович;"Політична партія ""Європейська Солідарність""";№106
Голуб;Владислав;Володимирович;Самовисування;№197
Голуб;Владислав;Миколайович;Самовисування;№197
Голуб;Юрій;Володимирович;Аграрна партія України;№82
Голубенко;Нелля;Олександрівна;"політична партія Всеукраїнське об’єднання ""Батьківщина""";№140
Голубенко;Олена;Петрівна;"ПОЛІТИЧНА ПАРТІЯ ""ВСЕУКРАЇНСЬКЕ ОБ’ЄДНАННЯ ""ФАКЕЛ""";№29
Голубицький;Віталій;Володимирович;"ПОЛІТИЧНА ПАРТІЯ ""РАДИКАЛЬНА ПАРТІЯ ОЛЕГА ЛЯШКА""";№105
Голубіцька;Любов;Михайлівна;"Політична партія ""Об’єднання ""САМОПОМІЧ""";№121
Голубнича;Надія;Василівна;"Політична партія ""ОПОЗИЦІЙНИЙ БЛОК""";№101
Голубов;Дмитро;Іванович;Самовисування;№136
Гольдарб;Максим;Юрійович;Самовисування;№220
Гольдарб;Яків;Юрійович;Самовисування;№212
Гольцов;Леонід;Петрович;"ПОЛІТИЧНА ПАРТІЯ ""РАДИКАЛЬНА ПАРТІЯ ОЛЕГА ЛЯШКА""";№73
Гольцова;Олена;Василівна;"ПОЛІТИЧНА ПАРТІЯ ""РАДИКАЛЬНА ПАРТІЯ ОЛЕГА ЛЯШКА""";№117
Голяк;Леся;Володимирівна;"ПОЛІТИЧНА ПАРТІЯ ""СЛУГА НАРОДУ""";№120
Гомон;Лілія;Олегівна;"ПОЛІТИЧНА ПАРТІЯ ""СИЛА ПРАВА""";№53
Гомонай;Павло;Васильович;"Політична Партія ""ГОЛОС""";№161
Гонгальський;Олександр;Миколайович;Самовисування;№65
Гонтарук;Тарас;Юрійович;Самовисування;№133
Гончар;Олена;Юріївна;"ПОЛІТИЧНА ПАРТІЯ ""СИЛА І ЧЕСТЬ""";№54
Гончар;Сергій;Андрійович;"ПОЛІТИЧНА ПАРТІЯ ""РАДИКАЛЬНА ПАРТІЯ ОЛЕГА ЛЯШКА""";№216
Гончаренко;Ганна;Володимирівна;Самовисування;№217
Гончаренко;Денис;Геннадійович;"ПОЛІТИЧНА ПАРТІЯ ""ЦИГАНСЬКА ПАРТІЯ УКРАЇНИ""";№136
Гончаренко;Олег;Русланович;"Політична партія ""Рух Нових Сил Михайла Саакашвілі""";№51
Гончаренко;Олександр;Юрійович;"ПОЛІТИЧНА ПАРТІЯ ""СИЛА І ЧЕСТЬ""";№218
Гончаренко;Олексій;Олексійович;Самовисування;№137
Гончаренко;Тетяна;Володимирівна;"політична партія Всеукраїнське об’єднання ""Батьківщина""";№78
Гончаров;Андрій;Олексійович;"Політична партія ""ОПОЗИЦІЙНИЙ БЛОК""";№105
Гончаров;Олександр;Юрійович;"ПОЛІТИЧНА ПАРТІЯ ""ВСЕУКРАЇНСЬКЕ ОБ’ЄДНАННЯ ""ФАКЕЛ""";№3
Гончарова;Тетяна;Іванівна;Самовисування;№223
Гончарук;Василь;Віталійович;Самовисування;№218
Гончарук;Віталій;Валерійович;Самовисування;№133
Гончарук;Володимир;Володимирович;"політична партія Всеукраїнське об’єднання ""Свобода""";№181
Горанін;Владислав;Юрійович;"Політична Партія ""ПАТРІОТ""";№211
Горащенков;Олексій;Миколайович;"ПОЛІТИЧНА ПАРТІЯ ""СИЛА І ЧЕСТЬ""";№14
Горб;Олександр;Олексійович;"ПОЛІТИЧНА ПАРТІЯ ""ВСЕУКРАЇНСЬКЕ ОБ’ЄДНАННЯ ""ФАКЕЛ""";№25
Горба;Віталій;Вячеславович;Самовисування;№165
Горба;Вячеслав;Михайлович;Аграрна партія України;№156
Горбатенков;Віктор;Геннадійович;"ПОЛІТИЧНА ПАРТІЯ ""НЕЗАЛЕЖНІСТЬ""";№29
Горбатко;Іван;Геннадійович;"Політична партія ""Європейська Солідарність""";№129
Горбач;Олександр;Дмитрович;"ПОЛІТИЧНА ПАРТІЯ ""УКРАЇНА СЛАВЕТНА""";№37
Горбач;Олена;Михайлівна;"ПОЛІТИЧНА ПАРТІЯ ""РАДИКАЛЬНА ПАРТІЯ ОЛЕГА ЛЯШКА""";№212
Горбачов;Олександр;Сергійович;Самовисування;№127
Горбачов;Станіслав;Леонідович;"Політична партія ""Інтернет партія України""";№136
Горбенко;Ігор;Миколайович;"Політична партія ""ОПОЗИЦІЙНИЙ БЛОК""";№145
Горбенко;Олена;Володимирівна;"Політична партія ""Європейська Солідарність""";№81
Горбенко;Руслан;Олександрович;"ПОЛІТИЧНА ПАРТІЯ ""СЛУГА НАРОДУ""";№109
Горбунов;Олександр;Володимирович;Самовисування;№99
Горбунова;Ганна;Валентинівна;"Політична партія ""ОПОЗИЦІЙНА ПЛАТФОРМА – ЗА ЖИТТЯ""";№141
Горват;Роберт;Іванович;Самовисування;№68
Горган;Олександр;Любомирович;"Політична партія ""Європейська Солідарність""";№93
Горгота;Олеся;Богданівна;"політична партія Всеукраїнське об’єднання ""Свобода""";№124
Гордєєв;Денис;Олександрович;"ПОЛІТИЧНА ПАРТІЯ ""РАЗОМ СИЛА""";№27
Гордєєва;Валентина;Яківна;Самовисування;№146
Гордієнко;Богдан;Володимирович;"ПОЛІТИЧНА ПАРТІЯ ""РАДИКАЛЬНА ПАРТІЯ ОЛЕГА ЛЯШКА""";№180
Гордієнко;Віталій;Миколайович;"політична партія Всеукраїнське об’єднання ""Свобода""";№98
Гордієнко;Віталій;Сергійович;"політична партія Всеукраїнське об’єднання ""Батьківщина""";№189
Гордієнко;Володимир;Володимирович;Самовисування;№157
Гордієнко;Наталія;Іванівна;"ПОЛІТИЧНА ПАРТІЯ ""ПАРТІЯ ШАРІЯ""";№14
Гордієнко;Олександра;Василівна;"Політична партія ""ОПОЗИЦІЙНИЙ БЛОК""";№212
Гордовський;Олександр;Лаврентійович;Самовисування;№211
Горельцев;Андрій;Володимирович;Самовисування;№96
Горенюк;Олександр;Олександрович;"ПОЛІТИЧНА ПАРТІЯ ""СЛУГА НАРОДУ""";№136
Горжій;Ігор;Григорович;"політична партія Всеукраїнське об’єднання ""Батьківщина""";№145
Горішний;Василь;Олександрович;"Політична партія ""ОПОЗИЦІЙНА ПЛАТФОРМА – ЗА ЖИТТЯ""";№21
Горішній;Дмитро;Олегович;"Політична Партія ""ПАТРІОТ""";№98
Горланов;Іван;Олександрович;"політична партія Всеукраїнське об’єднання ""Свобода""";№183
Горлач;Євген;Миколайович;"політична партія Всеукраїнське об’єднання ""Свобода""";№164
Горлачов;Ігор;Ярославович;"Політична партія ""ОПОЗИЦІЙНА ПЛАТФОРМА – ЗА ЖИТТЯ""";№11
Горлачов;Сергій;Анатолійович;Аграрна партія України;№137
Горобець;Дмитро;Іванович;Самовисування;№95
Горобець;Микола;Миколайович;Аграрна партія України;№113
Горобець;Олександр;Сергійович;"ПОЛІТИЧНА ПАРТІЯ ""СЛУГА НАРОДУ""";№95
Городчаніна;Юлія;Валеріївна;"Політична Партія ""ГОЛОС""";№51
Горщарук;Петро;Павлович;"Політична Партія ""ПАТРІОТ""";№30
Горячев;Сергій;Анатолійович;"ПОЛІТИЧНА ПАРТІЯ ""СИЛА І ЧЕСТЬ""";№40
Господарик;Микола;Михайлович;"Політична Партія ""ГОЛОС""";№160
Гоцький;Микола;Миколайович;"політична партія Всеукраїнське об’єднання ""Батьківщина""";№223
Гоцький;Сергій;Миколайович;"Політична Партія ""ГОЛОС""";№92
Гошій;Ярослав;Петрович;"політична партія ""Громадянська позиція""";№58
Гошовський;Володимир;Сергійович;"Політична партія ""ОПОЗИЦІЙНА ПЛАТФОРМА – ЗА ЖИТТЯ""";№66
Гошовський;Микола;Іванович;"Політична Партія ""ПАТРІОТ""";№20
Грабар;Микола;Федорович;Самовисування;№219
Грабар;Сергій;Володимирович;"ПОЛІТИЧНА ПАРТІЯ ""СЛУГА НАРОДУ""";№71
Грабінський;Ігор;Миронович;Самовисування;№124
Градінар;Віталій;Петрович;"Політична партія ""ОПОЗИЦІЙНА ПЛАТФОРМА – ЗА ЖИТТЯ""";№134
Градомська;Тетяна;Едуардівна;"ПОЛІТИЧНА ПАРТІЯ ""СОЦІАЛЬНА СПРАВЕДЛИВІСТЬ""";№29
Грай;Марина;Петрівна;"Політична Партія ""ГОЛОС""";№81
Грамарчук;Олександр;Леонідович;"Політична партія ""Європейська Солідарність""";№17
Грамотенко;Олег;Олександрович;Самовисування;№62
Гранатова;Ольга;Арсентіївна;Аграрна партія України;№55
Грановський;Олександр;Михайлович;Самовисування;№169
Гращенков;Віталій;Вікторович;Самовисування;№59
Гревцова;Радмила;Юріївна;Самовисування;№213
Грек;Михайло;Васильович;"ПОЛІТИЧНА ПАРТІЯ ""СИЛА ПРАВА""";№16
Гресько;Михайло;Романович;Самовисування;№85
Грецький;Володимир;Миколайович;"політична партія Всеукраїнське об’єднання ""Свобода""";№205
Гречана;Світлана;Юріївна;"політична партія Всеукраїнське об’єднання ""Батьківщина""";№184
Гречка;Олександр;Миколайович;"Політична партія ""ОПОЗИЦІЙНИЙ БЛОК""";№150
Гречко;Ольга;Петрівна;"Політична партія ""ОПОЗИЦІЙНА ПЛАТФОРМА – ЗА ЖИТТЯ""";№153
Гречко;Тарас;Володимирович;Самовисування;№156
Гриб;Вікторія;Олександрівна;"Політична партія ""ОПОЗИЦІЙНИЙ БЛОК""";№105
Гриб;Віталій;Вячеславович;"Політична Партія ""ГОЛОС""";№98
Грибков;Сергій;Вікторович;"ПОЛІТИЧНА ПАРТІЯ ""СЛУГА НАРОДУ""";№199
Гривко;Сергій;Дмитрович;"ПОЛІТИЧНА ПАРТІЯ ""СЛУГА НАРОДУ""";№114
Гривул;Тарас;Теодорович;"Політична партія ""Європейська Солідарність""";№82
Григоренко;Андрій;Анатолійович;Самовисування;№173
Григоренко;Ігор;Григорійович;"політична партія ""Громадянська позиція""";№151
Григоренко;Олександр;Іванович;Самовисування;№223
Григоренко;Сергій;Анатолійович;"Політична партія ""Європейська Солідарність""";№19
Григоренко;Юлія;Леонідівна;Самовисування;№113
Григорець;Любомир;Дмитрович;"політична партія Всеукраїнське об’єднання ""Батьківщина""";№104
Григорчук;Мирослав;Васильович;"ПОЛІТИЧНА ПАРТІЯ ""СИЛА І ЧЕСТЬ""";№88
Григорян;Ерік;Юрійович;Самовисування;№131
Гридько;Олексій;Олександрович;"політична партія Всеукраїнське об’єднання ""Свобода""";№94
Грижук;Валентин;Васильович;Самовисування;№37
Гриза;Олександр;Вікторович;"ПОЛІТИЧНА ПАРТІЯ ""НЕЗАЛЕЖНІСТЬ""";№37
Гриневич;Лілія;Михайлівна;"ПОЛІТИЧНА ПАРТІЯ ""УКРАЇНСЬКА СТРАТЕГІЯ ГРОЙСМАНА""";№2
Гринцова;Єлизавета;Романівна;Самовисування;№135
Гринчишин;Сергій;Сергійович;"політична партія Всеукраїнське об’єднання ""Батьківщина""";№57
Гринчук;Оксана;Анатоліївна;"ПОЛІТИЧНА ПАРТІЯ ""СЛУГА НАРОДУ""";№67
Гринько;Альона;Анатоліївна;Самовисування;№133
Гриньо;Євген;Матвійович;"ПОЛІТИЧНА ПАРТІЯ ""СИЛА І ЧЕСТЬ""";№71
Гринюк;Андрій;Петрович;Самовисування;№184
Гринюк;Ігор;Олександрович;"політична партія Всеукраїнське об’єднання ""Свобода""";№99
Гринюк;Ольга;Сергіївна;"ПОЛІТИЧНА ПАРТІЯ ""СОЦІАЛЬНА СПРАВЕДЛИВІСТЬ""";№69
Грицаєнко;Вікторія;Петрівна;"Політична партія ""ОПОЗИЦІЙНА ПЛАТФОРМА – ЗА ЖИТТЯ""";№112
Грицак;Андрій;Васильович;Аграрна партія України;№138
Гриценко;Анатолій;Степанович;"політична партія ""Громадянська позиція""";№1
Гриценко;Володимир;Миколайович;"ПОЛІТИЧНА ПАРТІЯ ""ПАРТІЯ ВІЛЬНИХ ДЕМОКРАТІВ""";№195
Гриценко;Володимир;Петрович;"Політична партія ""ОПОЗИЦІЙНА ПЛАТФОРМА – ЗА ЖИТТЯ""";№145
Гриценко;Олексій;Анатолійович;"політична партія ""Громадянська позиція""";№212
Гриценко;Сергій;Олександрович;Самовисування;№148
Гриценко;Сергій;Петрович;"ПОЛІТИЧНА ПАРТІЯ ""РАДИКАЛЬНА ПАРТІЯ ОЛЕГА ЛЯШКА""";№22
Грицун;Олександр;Васильович;"ПОЛІТИЧНА ПАРТІЯ ""СИЛА І ЧЕСТЬ""";№53
Грицький;Сергій;Володимирович;"ПОЛІТИЧНА ПАРТІЯ ""СОЦІАЛЬНА СПРАВЕДЛИВІСТЬ""";№137
Гришин;Ярослав;Володимирович;Самовисування;№75
Гришина;Юлія;Миколаївна;"ПОЛІТИЧНА ПАРТІЯ ""СЛУГА НАРОДУ""";№133
Гришко;Сергій;Миколайович;"ПОЛІТИЧНА ПАРТІЯ ""СОЦІАЛЬНА СПРАВЕДЛИВІСТЬ""";№14
Грищенко;Оксана;Костянтинівна;"Політична партія ""Сила Людей""";№21
Грищенко;Тетяна;Миколаївна;"ПОЛІТИЧНА ПАРТІЯ ""СЛУГА НАРОДУ""";№66
Грищук;Андрій;Григорович;"ПОЛІТИЧНА ПАРТІЯ ""СОЦІАЛЬНА СПРАВЕДЛИВІСТЬ""";№116
Грищук;Роман;Павлович;"ПОЛІТИЧНА ПАРТІЯ ""СЛУГА НАРОДУ""";№222
Грінченко;Сергій;Анатолійович;"Політична партія ""ОПОЗИЦІЙНА ПЛАТФОРМА – ЗА ЖИТТЯ""";№62
Гройсман;Володимир;Борисович;"ПОЛІТИЧНА ПАРТІЯ ""УКРАЇНСЬКА СТРАТЕГІЯ ГРОЙСМАНА""";№1
Гром;Олег;Віталійович;Самовисування;№98
Громаков;Михайло;Вадимович;Самовисування;№36
Громов;Вадим;Олександрович;"політична партія ""Громадянська позиція""";№137
Гросу;Михайло;Михайлович;Самовисування;№203
Грошев;Володимир;Володимирович;Самовисування;№198
Грудницька;Наталія;Миколаївна;Аграрна партія України;№71
Груздєв;Артем;Валерійович;"Політична Партія ""ПАТРІОТ""";№133
Грусевич;Віталій;Олегович;Самовисування;№18
Грушицький;Олег;Мирославович;"Політична партія ""Об’єднання ""САМОПОМІЧ""";№84
Грушко;Сергій;Сергійович;"Політична партія ""ОПОЗИЦІЙНА ПЛАТФОРМА – ЗА ЖИТТЯ""";№12
Губа;Сергій;Васильович;"ПОЛІТИЧНА ПАРТІЯ ""СЛУГА НАРОДУ""";№52
Губанов;Михайло;Анатолійович;"політична партія Всеукраїнське об’єднання ""Батьківщина""";№190
Губанова;Віра;Анатоліївна;"ПОЛІТИЧНА ПАРТІЯ ""СИЛА ПРАВА""";№61
Губенко;Вадим;Володимирович;"Політична партія ""Рух Нових Сил Михайла Саакашвілі""";№71
Губорєв;Олексій;Миколайович;"Політична партія ""ОПОЗИЦІЙНИЙ БЛОК""";№170
Губська;Тетяна;Миколаївна;"політична партія Всеукраїнське об’єднання ""Свобода""";№128
Губський;Володимир;Олександрович;"політична партія Всеукраїнське об’єднання ""Свобода""";№215
Губський;Демид;Олександрович;"політична партія Всеукраїнське об’єднання ""Свобода""";№58
Гуденко;Андрій;Дмитрович;"ПОЛІТИЧНА ПАРТІЯ ""РАДИКАЛЬНА ПАРТІЯ ОЛЕГА ЛЯШКА""";№120
Гудзенко;Віктор;Іванович;Самовисування;№92
Гудзенко;Віталій;Іванович;Самовисування;№92
Гузенко;Максим;Васильович;"ПОЛІТИЧНА ПАРТІЯ ""СЛУГА НАРОДУ""";№161
Гузенко;Тетяна;Олександрівна;"ПОЛІТИЧНА ПАРТІЯ ""ПАРТІЯ ШАРІЯ""";№11
Гузь;Ігор;Володимирович;Самовисування;№19
Гуйда;Оксана;Анатоліївна;"Політична Партія ""ГОЛОС""";№150
Гук;Вячеслав;Степанович;"Політична партія ""ОПОЗИЦІЙНА ПЛАТФОРМА – ЗА ЖИТТЯ""";№71
Гукасян;Спартак;Едуардович;Самовисування;№128
Гула;Раїса;Миколаївна;"Політична партія ""ОПОЗИЦІЙНА ПЛАТФОРМА – ЗА ЖИТТЯ""";№104
Гулак;Олександр;Миколайович;"ПОЛІТИЧНА ПАРТІЯ ""РАДИКАЛЬНА ПАРТІЯ ОЛЕГА ЛЯШКА""";№25
Гулієв;Фархад;Давід;Самовисування;№39
Гулордава;Арчил;Гігантович;"Політична партія ""Рух Нових Сил Михайла Саакашвілі""";№67
Гуль;Ігор;Володимирович;Аграрна партія України;№133
Гультай;Іван;Іванович;Самовисування;№145
Гуляєв;Василь;Олександрович;Самовисування;№140
Гумен;Анна;Юріївна;Самовисування;№174
Гуменна;Оксана;Ярославівна;"ПОЛІТИЧНА ПАРТІЯ ""РАДИКАЛЬНА ПАРТІЯ ОЛЕГА ЛЯШКА""";№195
Гуменчук;Віктор;Леонідович;"політична партія ""Громадянська позиція""";№46
Гуменюк;Анатолій;Іванович;"політична партія Всеукраїнське об’єднання ""Батьківщина""";№192
Гуменюк;Василь;Васильович;"ПОЛІТИЧНА ПАРТІЯ ""СЛУГА НАРОДУ""";№192
Гуменюк;Тарас;Вікторович;"ПОЛІТИЧНА ПАРТІЯ ""ВСЕУКРАЇНСЬКЕ ОБ’ЄДНАННЯ ""ФАКЕЛ""";№52
Гуменюк;Фаїна;Іванівна;"ПОЛІТИЧНА ПАРТІЯ ""РАДИКАЛЬНА ПАРТІЯ ОЛЕГА ЛЯШКА""";№205
Гундич;Ігор;Петрович;Самовисування;№62
Гунжель;Павло;Олександрович;Самовисування;№149
Гунько;Анатолій;Григорович;"політична партія Всеукраїнське об’єднання ""Батьківщина""";№209
Гуренко;Юрій;Вікторович;"політична партія Всеукраїнське об’єднання ""Свобода""";№102
Гуринчук;Дмитро;Павлович;"політична партія Всеукраїнське об’єднання ""Батьківщина""";№103
Гурін;Дмитро;Олександрович;"ПОЛІТИЧНА ПАРТІЯ ""СЛУГА НАРОДУ""";№218
Гурін;Едуард;Олексійович;"Політична партія ""ОПОЗИЦІЙНИЙ БЛОК""";№187
Гурін;Костянтин;Олександрович;Аграрна партія України;№91
Гуріч;Олег;Вікторович;Аграрна партія України;№219
Гурмак;Іван;Миколайович;"політична партія Всеукраїнське об’єднання ""Свобода""";№222
Гур’янова;Марина;Ігорівна;Самовисування;№195
Гусак;Володимир;Георгійович;"Політична партія ""ОПОЗИЦІЙНИЙ БЛОК""";№19
Гусєв;Олександр;Олександрович;"Політична партія ""ОПОЗИЦІЙНА ПЛАТФОРМА – ЗА ЖИТТЯ""";№221
Гусовський;Сергій;Михайлович;Самовисування;№212
Гут;Антоніна;Василівна;"політична партія ""Громадянська позиція""";№47
Гуфман;Геннадій;Леонідович;"Політична партія ""ОПОЗИЦІЙНА ПЛАТФОРМА – ЗА ЖИТТЯ""";№26
Гуцол;Сергій;Віталійович;Аграрна партія України;№26
Гуцул;Вадим;Володимирович;Самовисування;№101
Гуцул;Мирослав;Іванович;"Політична Партія ""ПАТРІОТ""";№201
Давиденко;Антон;Миколайович;Самовисування;№208
Давиденко;Артем;Миколайович;Самовисування;№208
Давиденко;Валерій;Миколайович;Самовисування;№208
Давиденко;Ганна;Віталіївна;Самовисування;№11
Давиденко;Олексій;Юрійович;Самовисування;№174
Давидов;Віктор;Вячеславович;Самовисування;№195
Давидюк;Володимир;Михайлович;"ПОЛІТИЧНА ПАРТІЯ ""СВІДОМА НАЦІЯ""";№98
Давидюк;Микола;Іванович;"Політична Партія ""ГОЛОС""";№27
Давидюк;Сергій;Петрович;"ПОЛІТИЧНА ПАРТІЯ ""РАЗОМ СИЛА""";№185
Давітідзе;Паата;Гурамович;"Політична партія ""Об’єднання ""САМОПОМІЧ""";№94
Дадочкін;Дмитро;Олександрович;Самовисування;№17
Дамченко;Роман;Анатолійович;Самовисування;№103
Данасієнко;Неля;Михайлівна;"ПОЛІТИЧНА ПАРТІЯ ""РАДИКАЛЬНА ПАРТІЯ ОЛЕГА ЛЯШКА""";№111
Данацко;Іван;Іванович;Самовисування;№68
Данейкін;Вадим;Валерійович;"Політична Партія ""ПАТРІОТ""";№103
Данелія;Гіоргій;Манучарович;"Політична партія ""Рух Нових Сил Михайла Саакашвілі""";№30
Данилів;Іван;Іванович;Самовисування;№86
Данилів;Остап;Петрович;"Політична Партія ""ПАТРІОТ""";№71
Данилова;Марина;Олексіївна;"політична партія Всеукраїнське об’єднання ""Свобода""";№217
Данилова;Надія;Анатоліївна;"ПОЛІТИЧНА ПАРТІЯ ""РАЗОМ СИЛА""";№95
Данильчук;Максим;Миколайович;Самовисування;№156
Данильчук;Олександр;Юрійович;Самовисування;№156
Данильчук;Павло;Петрович;"політична партія ""Громадянська позиція""";№22
Данилюк;Карина;Миколаївна;"Політична партія ""ОПОЗИЦІЙНА ПЛАТФОРМА – ЗА ЖИТТЯ""";№124
Данилюк;Олександр;Володимирович;"ПОЛІТИЧНА ПАРТІЯ ""СИЛА ПРАВА""";№2
Данилюк;Олександр;Мирославович;"Політична Партія ""ГОЛОС""";№72
Данілкова;Анастасія;Юріївна;"ПОЛІТИЧНА ПАРТІЯ ""РАДИКАЛЬНА ПАРТІЯ ОЛЕГА ЛЯШКА""";№53
Данілов;Віталій;Богданович;"політична партія Всеукраїнське об’єднання ""Батьківщина""";№16
Данілов;Олексій;Миколайович;Самовисування;№66
Данканич;Андрій;Андрійович;"політична партія Всеукраїнське об’єднання ""Батьківщина""";№69
Дануца;Олександр;Анатолійович;"ПОЛІТИЧНА ПАРТІЯ ""СЛУГА НАРОДУ""";№99
Дармограй;Олег;Павлович;Аграрна партія України;№48
Даровський;Олександр;Миколайович;"ПОЛІТИЧНА ПАРТІЯ ""ВСЕУКРАЇНСЬКЕ ОБ’ЄДНАННЯ ""ФАКЕЛ""";№56
Даурова;Валентина;Борисівна;"ПОЛІТИЧНА ПАРТІЯ ""СИЛА І ЧЕСТЬ""";№48
Даценко;Сергій;Олександрович;Аграрна партія України;№60
Дацків;Ігор;Васильович;Самовисування;№164
Дацко;Світлана;Петрівна;"Політична партія ""ОПОЗИЦІЙНИЙ БЛОК""";№109
Дашкевич;Микола;Володимирович;"Політична партія ""Об’єднання ""САМОПОМІЧ""";№90
Дашковець;Нелля;Брониславівна;Самовисування;№50
Дашковський;Олександр;Олександрович;Самовисування;№192
Двірник;Віталій;Георгійович;"ПОЛІТИЧНА ПАРТІЯ ""СОЦІАЛЬНА СПРАВЕДЛИВІСТЬ""";№84
Двірник;Лариса;Володимирівна;"ПОЛІТИЧНА ПАРТІЯ ""СОЦІАЛЬНА СПРАВЕДЛИВІСТЬ""";№113
Дворецька;Олександра;Миколаївна;"Політична Партія ""ГОЛОС""";№29
Дворжанська;Лариса;Георгіївна;"політична партія ""Громадянська позиція""";№153
Дворник;Анатолій;Анатолійович;"Політична партія ""ОПОЗИЦІЙНА ПЛАТФОРМА – ЗА ЖИТТЯ""";№128
Дворянин;Парасковія;Ярославівна;"Політична партія ""Об’єднання ""САМОПОМІЧ""";№22
Дебелий;Валентин;Олегович;"політична партія Всеукраїнське об’єднання ""Свобода""";№172
Дебенко;Ігор;Богданович;"політична партія Всеукраїнське об’єднання ""Свобода""";№118
Дегтярьов;Олександр;Михайлович;Самовисування;№36
Дегтярьова;Лариса;Вікторівна;Самовисування;№212
Дедюрін;Віталій;Миколайович;Самовисування;№146
Дейнека;Іван;Григорович;Аграрна партія України;№158
Дейнека;Олег;Володимирович;Самовисування;№94
Дейнека;Олександр;Сергійович;Самовисування;№32
Дейнеко;Павло;Олександрович;"політична партія Всеукраїнське об’єднання ""Свобода""";№102
Демідов;Сергій;Михайлович;Самовисування;№133
Демко;Тарас;Іванович;Самовисування;№121
Демкович;Юлія;Іванівна;"Політична партія ""Сила Людей""";№20
Демчак;Руслан;Дмитрович;Самовисування;№18
Демчак;Руслан;Євгенійович;Самовисування;№18
Демченко;Володимир;Йосипович;"політична партія Всеукраїнське об’єднання ""Батьківщина""";№37
Демченко;Сергій;Олексійович;"ПОЛІТИЧНА ПАРТІЯ ""СЛУГА НАРОДУ""";№29
Демченко;Юлія;Володимирівна;"Політична партія ""ОПОЗИЦІЙНИЙ БЛОК""";№183
Демчина;Роман;Іванович;Самовисування;№122
Демчишин;Наталія;Іванівна;Самовисування;№122
Демчук;Олександр;Анатолійович;Самовисування;№186
Демяненко;Дмитро;Миколайович;Самовисування;№59
Дем’яненко;Олексій;Олексійович;"Політична партія ""ОПОЗИЦІЙНИЙ БЛОК""";№206
Дем’янчук;Андрій;Володимирович;"політична партія Всеукраїнське об’єднання ""Свобода""";№109
Дем’янчук;Віталій;Юрійович;"ПОЛІТИЧНА ПАРТІЯ ""РАЗОМ СИЛА""";№21
Денисенко;Анатолій;Петрович;Самовисування;№173
Денисенко;Вадим;Ігорович;"ПОЛІТИЧНА ПАРТІЯ ""СИЛА І ЧЕСТЬ""";№15
Денисенко;Віталій;Володимирович;"Політична партія ""Об’єднання ""САМОПОМІЧ""";№37
Денисенко;Ірина;Сергіївна;"ПОЛІТИЧНА ПАРТІЯ ""СОЦІАЛЬНА СПРАВЕДЛИВІСТЬ""";№31
Денисенко;Олександр;Васильович;"Політична Партія ""ГОЛОС""";№91
Денисенко;Роман;Юрійович;"ПОЛІТИЧНА ПАРТІЯ ""СОЦІАЛЬНА СПРАВЕДЛИВІСТЬ""";№88
Денисов;Костянтин;Вікторович;"політична партія Всеукраїнське об’єднання ""Свобода""";№139
Денисюк;Роман;Віталійович;"Політична Партія ""ГОЛОС""";№55
Деревенчук;Василь;Васильович;"Політична партія ""Сила Людей""";№18
Дерев’янко;Артур;Валентинович;Аграрна партія України;№97
Дерев’янко;Олександра;Олександрівна;"ПОЛІТИЧНА ПАРТІЯ ""РАДИКАЛЬНА ПАРТІЯ ОЛЕГА ЛЯШКА""";№148
Дерека;Геннадій;Федорович;Аграрна партія України;№161
Деркач;Андрій;Леонідович;Самовисування;№159
Деркач;Роман;Володимирович;"ПОЛІТИЧНА ПАРТІЯ ""СОЦІАЛЬНА СПРАВЕДЛИВІСТЬ""";№6
Деркач;Юрій;Олексійович;"політична партія Всеукраїнське об’єднання ""Свобода""";№92
Деркаченко;Юлія;Вікторівна;"ПОЛІТИЧНА ПАРТІЯ ""УКРАЇНСЬКА СТРАТЕГІЯ ГРОЙСМАНА""";№40
Дерн;Геннадій;Володимирович;"політична партія Всеукраїнське об’єднання ""Свобода""";№146
Дерпак;Віталій;Михайлович;"ПОЛІТИЧНА ПАРТІЯ ""СИЛА І ЧЕСТЬ""";№217
Дехтяренко;Артем;Євгенійович;"ПОЛІТИЧНА ПАРТІЯ ""УКРАЇНСЬКА СТРАТЕГІЯ ГРОЙСМАНА""";№34
Дехтярук;Олександр;Миколайович;"ПОЛІТИЧНА ПАРТІЯ ""РАДИКАЛЬНА ПАРТІЯ ОЛЕГА ЛЯШКА""";№58
Дехтярчук;Олександр;Володимирович;Самовисування;№154
Дєдов;В’ячеслав;Ілліч;"політична партія Всеукраїнське об’єднання ""Батьківщина""";№98
Дєєв;Олександр;Петрович;Самовисування;№38
Дєхтярьов;Олександр;Володимирович;Самовисування;№217
Джамбулатов;Руслан;Адамович;Самовисування;№58
Джапарова;Еміне;Айяровна;"ПОЛІТИЧНА ПАРТІЯ ""УКРАЇНСЬКА СТРАТЕГІЯ ГРОЙСМАНА""";№4
Елейко;Тарас;Васильович;"Політична Партія ""ГОЛОС""";№120
Ерікян;Давід;Мартікович;Самовисування;№91
Ерліх;Наталія;Михайлівна;"політична партія ""Громадянська позиція""";№66
Ешматова;Айгуль;Кодіржанівна;Самовисування;№151
Жадан;Євгеній;Володимирович;"Політична партія ""ОПОЗИЦІЙНА ПЛАТФОРМА – ЗА ЖИТТЯ""";№148
Жадан;Іван;Олегович;Самовисування;№38
Жадченко;Андрій;Миколайович;Самовисування;№207
Жадько;Олена;Анатоліївна;"Політична партія ""ОПОЗИЦІЙНА ПЛАТФОРМА – ЗА ЖИТТЯ""";№40
Жар;Михайло;Михайлович;"Політична партія ""ОПОЗИЦІЙНА ПЛАТФОРМА – ЗА ЖИТТЯ""";№203
Жар;Юлія;Георгіївна;"Політична Партія ""ПАТРІОТ""";№42
Жаров;Михайло;Олександрович;"Політична партія ""ОПОЗИЦІЙНА ПЛАТФОРМА – ЗА ЖИТТЯ""";№106
Жебський;Олег;Васильович;Самовисування;№106
Жеваго;Костянтин;Валентинович;Самовисування;№150
Жеганський;Віталій;Володимирович;"Політична Партія ""ГОЛОС""";№40
Желамська;Неля;Володимирівна;"ПОЛІТИЧНА ПАРТІЯ ""УКРАЇНСЬКА СТРАТЕГІЯ ГРОЙСМАНА""";№45
Железняк;Ярослав;Іванович;"Політична Партія ""ГОЛОС""";№4
Жело;Денис;Вікторович;Самовисування;№129
Желябовська;Яна;Олегівна;"Політична партія ""УДАР (Український Демократичний Альянс за Реформи) Віталія Кличка""";№223
Женевський;Сергій;Юрійович;"ПОЛІТИЧНА ПАРТІЯ ""РАДИКАЛЬНА ПАРТІЯ ОЛЕГА ЛЯШКА""";№154
Жердельова;Наталія;Геннадіївна;"ПОЛІТИЧНА ПАРТІЯ ""РАДИКАЛЬНА ПАРТІЯ ОЛЕГА ЛЯШКА""";№143
Живага;Микола;Олександрович;Самовисування;№113
Живенко;Світлана;Віталіївна;"Політична партія ""ОПОЗИЦІЙНИЙ БЛОК""";№205
Жидкова;Діана;Олексіївна;"ПОЛІТИЧНА ПАРТІЯ ""СОЦІАЛЬНА СПРАВЕДЛИВІСТЬ""";№77
Жиленко;Віталій;Миколайович;"Політична партія ""ОПОЗИЦІЙНА ПЛАТФОРМА – ЗА ЖИТТЯ""";№158
Жилінський;Андрій;Іванович;Самовисування;№17
Жимінюк;Олександр;Володимирович;"політична партія ""Громадянська позиція""";№31
Жиравецький;Андрій;Михайлович;"ПОЛІТИЧНА ПАРТІЯ ""СИЛА І ЧЕСТЬ""";№118
Жирний;Сергій;Леонідович;Самовисування;№121
Жиров;Ігор;Володимирович;Самовисування;№105
Житінський;Ігор;Юрійович;Самовисування;№51
Житченко;Ігор;Володимирович;"Політична партія ""ОПОЗИЦІЙНА ПЛАТФОРМА – ЗА ЖИТТЯ""";№119
Жмеренецький;Олексій;Сергійович;"ПОЛІТИЧНА ПАРТІЯ ""СЛУГА НАРОДУ""";№190
Жовнір;Михайло;Васильович;"Політична партія ""ОПОЗИЦІЙНИЙ БЛОК""";№45
Жовніренко;Микола;Анатолійович;Самовисування;№82
Жовноватюк;Олексій;Миколайович;Самовисування;№101
Жоган;Микола;Вячеславович;"політична партія Всеукраїнське об’єднання ""Батьківщина""";№193
Жолобецький;Олександр;Олександрович;Самовисування;№129
Жолобова;Інна;Олександрівна;"Політична Партія ""ГОЛОС""";№127
Жолобович;Назар;Вікторович;Самовисування;№121
Жорін;Максим;Борисович;Самовисування;№217
Жосан;Катерина;Володимирівна;"Політична партія ""ОПОЗИЦІЙНА ПЛАТФОРМА – ЗА ЖИТТЯ""";№111
Жувакін;Віктор;Олександрович;Самовисування;№105
Жуганець;Дмитро;Олександрович;"Політична партія ""ОПОЗИЦІЙНИЙ БЛОК""";№191
Жук;Андрій;Михайлович;"Політична партія ""ОПОЗИЦІЙНА ПЛАТФОРМА – ЗА ЖИТТЯ""";№73
Жук;Василь;Васильович;"політична партія Всеукраїнське об’єднання ""Батьківщина""";№95
Жук;Галина;Василівна;"ПОЛІТИЧНА ПАРТІЯ ""СИЛА І ЧЕСТЬ""";№201
Жук;Діна;Іванівна;"Політична партія ""Об’єднання ""САМОПОМІЧ""";№50
Жук;Костянтин;Олександрович;"Політична Партія ""ГОЛОС""";№72
Жук;Наталія;Анатоліївна;"Політична партія ""ОПОЗИЦІЙНИЙ БЛОК""";№80
Жук;Сергій;Миколайович;Самовисування;№149
Жук;Сергій;Миколайович;"ПОЛІТИЧНА ПАРТІЯ ""ПАРТІЯ ШАРІЯ""";№17
Жукова;Вікторія;Вадимівна;"Політична Партія ""ГОЛОС""";№134
Жукова;Наталія;Олександрівна;"Політична партія ""Рух Нових Сил Михайла Саакашвілі""";№6
Жуковський;Адам;Адамович;Самовисування;№155
Жукотанський;Олександр;Васильович;Самовисування;№93
Жупанин;Андрій;Вікторович;"ПОЛІТИЧНА ПАРТІЯ ""СЛУГА НАРОДУ""";№110
Журавінський;Валерій;Казимирович;"ПОЛІТИЧНА ПАРТІЯ ""СЛУГА НАРОДУ""";№181
Журавко;Георгій;Володимирович;Самовисування;№186
Журавльов;Віталій;Володимирович;"політична партія Всеукраїнське об’єднання ""Батьківщина""";№103
Журавльов;Олександр;Олексійович;"Політична партія ""Об’єднання ""САМОПОМІЧ""";№92
Журавльова;Наталія;Валеріївна;Самовисування;№216
Журавльова;Наталія;Миколаївна;"ПОЛІТИЧНА ПАРТІЯ ""УКРАЇНСЬКА СТРАТЕГІЯ ГРОЙСМАНА""";№47
Журавльова;Тетяна;Петрівна;"Політична партія ""Рух Нових Сил Михайла Саакашвілі""";№55
Журавський;Віталій;Станіславович;Самовисування;№66
Журавчак;Олександр;Петрович;"Політична Партія ""ПАТРІОТ""";№4
Жураковський;Іван;Олександрович;"ПОЛІТИЧНА ПАРТІЯ ""СОЦІАЛЬНА СПРАВЕДЛИВІСТЬ""";№152
Журбенко;Артур;Володимирович;"ПОЛІТИЧНА ПАРТІЯ ""ПАРТІЯ ШАРІЯ""";№19
